ts,te,td,sa,da,sp,dp,pr,flg,fwd,stos,ipkt,ibyt,opkt,obyt,in,out,sas,das,smk,dmk,dtos,dir,nh,nhb,svln,dvln,ismc,odmc,idmc,osmc,mpls1,mpls2,mpls3,mpls4,mpls5,mpls6,mpls7,mpls8,mpls9,mpls10,cl,sl,al,ra,eng,exid,tr
2025-01-14 13:34:11,2025-01-14 13:34:11,0.000,84.77.117.100,172.20.10.2,0,2048,ICMP,........,0,0,1,1028,0,0,0,0,0,0,0,0,0,0,0.0.0.0,0.0.0.0,0,0,00:00:00:00:00:00,00:00:00:00:00:00,00:00:00:00:00:00,00:00:00:00:00:00,0-0-0,0-0-0,0-0-0,0-0-0,0-0-0,0-0-0,0-0-0,0-0-0,0-0-0,0-0-0,    0.000,    0.000,    0.000,127.0.0.1,0/0,1,2025-01-14 13:40:01.347
2025-01-14 13:34:11,2025-01-14 13:34:11,0.000,172.20.10.2,84.77.117.100,0,0,ICMP,........,0,0,1,1028,0,0,0,0,0,0,0,0,0,0,0.0.0.0,0.0.0.0,0,0,00:00:00:00:00:00,00:00:00:00:00:00,00:00:00:00:00:00,00:00:00:00:00:00,0-0-0,0-0-0,0-0-0,0-0-0,0-0-0,0-0-0,0-0-0,0-0-0,0-0-0,0-0-0,    0.000,    0.000,    0.000,127.0.0.1,0/0,1,2025-01-14 13:40:01.347
2025-01-14 13:34:11,2025-01-14 13:34:11,0.000,234.5.33.17,172.20.10.2,0,2048,ICMP,........,0,0,1,1028,0,0,0,0,0,0,0,0,0,0,0.0.0.0,0.0.0.0,0,0,00:00:00:00:00:00,00:00:00:00:00:00,00:00:00:00:00:00,00:00:00:00:00:00,0-0-0,0-0-0,0-0-0,0-0-0,0-0-0,0-0-0,0-0-0,0-0-0,0-0-0,0-0-0,    0.000,    0.000,    0.000,127.0.0.1,0/0,1,2025-01-14 13:40:01.347
2025-01-14 13:34:11,2025-01-14 13:34:11,0.000,184.169.62.228,172.20.10.2,0,2048,ICMP,........,0,0,1,1028,0,0,0,0,0,0,0,0,0,0,0.0.0.0,0.0.0.0,0,0,00:00:00:00:00:00,00:00:00:00:00:00,00:00:00:00:00:00,00:00:00:00:00:00,0-0-0,0-0-0,0-0-0,0-0-0,0-0-0,0-0-0,0-0-0,0-0-0,0-0-0,0-0-0,    0.000,    0.000,    0.000,127.0.0.1,0/0,1,2025-01-14 13:40:01.347
2025-01-14 13:34:11,2025-01-14 13:34:11,0.000,172.20.10.2,184.169.62.228,0,0,ICMP,........,0,0,1,1028,0,0,0,0,0,0,0,0,0,0,0.0.0.0,0.0.0.0,0,0,00:00:00:00:00:00,00:00:00:00:00:00,00:00:00:00:00:00,00:00:00:00:00:00,0-0-0,0-0-0,0-0-0,0-0-0,0-0-0,0-0-0,0-0-0,0-0-0,0-0-0,0-0-0,    0.000,    0.000,    0.000,127.0.0.1,0/0,1,2025-01-14 13:40:01.347
2025-01-14 13:34:12,2025-01-14 13:34:12,0.000,65.74.139.25,172.20.10.2,0,2048,ICMP,........,0,0,1,1028,0,0,0,0,0,0,0,0,0,0,0.0.0.0,0.0.0.0,0,0,00:00:00:00:00:00,00:00:00:00:00:00,00:00:00:00:00:00,00:00:00:00:00:00,0-0-0,0-0-0,0-0-0,0-0-0,0-0-0,0-0-0,0-0-0,0-0-0,0-0-0,0-0-0,    0.000,    0.000,    0.000,127.0.0.1,0/0,1,2025-01-14 13:40:01.347
2025-01-14 13:34:12,2025-01-14 13:34:12,0.000,172.20.10.2,65.74.139.25,0,0,ICMP,........,0,0,1,1028,0,0,0,0,0,0,0,0,0,0,0.0.0.0,0.0.0.0,0,0,00:00:00:00:00:00,00:00:00:00:00:00,00:00:00:00:00:00,00:00:00:00:00:00,0-0-0,0-0-0,0-0-0,0-0-0,0-0-0,0-0-0,0-0-0,0-0-0,0-0-0,0-0-0,    0.000,    0.000,    0.000,127.0.0.1,0/0,1,2025-01-14 13:40:01.347
2025-01-14 13:34:12,2025-01-14 13:34:12,0.000,120.53.90.7,172.20.10.2,0,2048,ICMP,........,0,0,1,1028,0,0,0,0,0,0,0,0,0,0,0.0.0.0,0.0.0.0,0,0,00:00:00:00:00:00,00:00:00:00:00:00,00:00:00:00:00:00,00:00:00:00:00:00,0-0-0,0-0-0,0-0-0,0-0-0,0-0-0,0-0-0,0-0-0,0-0-0,0-0-0,0-0-0,    0.000,    0.000,    0.000,127.0.0.1,0/0,1,2025-01-14 13:40:01.347
2025-01-14 13:34:12,2025-01-14 13:34:12,0.000,172.20.10.2,120.53.90.7,0,0,ICMP,........,0,0,1,1028,0,0,0,0,0,0,0,0,0,0,0.0.0.0,0.0.0.0,0,0,00:00:00:00:00:00,00:00:00:00:00:00,00:00:00:00:00:00,00:00:00:00:00:00,0-0-0,0-0-0,0-0-0,0-0-0,0-0-0,0-0-0,0-0-0,0-0-0,0-0-0,0-0-0,    0.000,    0.000,    0.000,127.0.0.1,0/0,1,2025-01-14 13:40:01.347
2025-01-14 13:34:12,2025-01-14 13:34:12,0.000,214.52.1.203,172.20.10.2,0,2048,ICMP,........,0,0,1,1028,0,0,0,0,0,0,0,0,0,0,0.0.0.0,0.0.0.0,0,0,00:00:00:00:00:00,00:00:00:00:00:00,00:00:00:00:00:00,00:00:00:00:00:00,0-0-0,0-0-0,0-0-0,0-0-0,0-0-0,0-0-0,0-0-0,0-0-0,0-0-0,0-0-0,    0.000,    0.000,    0.000,127.0.0.1,0/0,1,2025-01-14 13:40:01.347
2025-01-14 13:34:12,2025-01-14 13:34:12,0.000,172.20.10.2,214.52.1.203,0,0,ICMP,........,0,0,1,1028,0,0,0,0,0,0,0,0,0,0,0.0.0.0,0.0.0.0,0,0,00:00:00:00:00:00,00:00:00:00:00:00,00:00:00:00:00:00,00:00:00:00:00:00,0-0-0,0-0-0,0-0-0,0-0-0,0-0-0,0-0-0,0-0-0,0-0-0,0-0-0,0-0-0,    0.000,    0.000,    0.000,127.0.0.1,0/0,1,2025-01-14 13:40:01.347
2025-01-14 13:34:12,2025-01-14 13:34:12,0.000,63.18.100.120,172.20.10.2,0,2048,ICMP,........,0,0,1,1028,0,0,0,0,0,0,0,0,0,0,0.0.0.0,0.0.0.0,0,0,00:00:00:00:00:00,00:00:00:00:00:00,00:00:00:00:00:00,00:00:00:00:00:00,0-0-0,0-0-0,0-0-0,0-0-0,0-0-0,0-0-0,0-0-0,0-0-0,0-0-0,0-0-0,    0.000,    0.000,    0.000,127.0.0.1,0/0,1,2025-01-14 13:40:01.347
2025-01-14 13:34:12,2025-01-14 13:34:12,0.000,172.20.10.2,63.18.100.120,0,0,ICMP,........,0,0,1,1028,0,0,0,0,0,0,0,0,0,0,0.0.0.0,0.0.0.0,0,0,00:00:00:00:00:00,00:00:00:00:00:00,00:00:00:00:00:00,00:00:00:00:00:00,0-0-0,0-0-0,0-0-0,0-0-0,0-0-0,0-0-0,0-0-0,0-0-0,0-0-0,0-0-0,    0.000,    0.000,    0.000,127.0.0.1,0/0,1,2025-01-14 13:40:01.347
2025-01-14 13:34:12,2025-01-14 13:34:12,0.000,195.99.180.91,172.20.10.2,0,2048,ICMP,........,0,0,1,1028,0,0,0,0,0,0,0,0,0,0,0.0.0.0,0.0.0.0,0,0,00:00:00:00:00:00,00:00:00:00:00:00,00:00:00:00:00:00,00:00:00:00:00:00,0-0-0,0-0-0,0-0-0,0-0-0,0-0-0,0-0-0,0-0-0,0-0-0,0-0-0,0-0-0,    0.000,    0.000,    0.000,127.0.0.1,0/0,1,2025-01-14 13:40:01.347
2025-01-14 13:34:12,2025-01-14 13:34:12,0.000,172.20.10.2,195.99.180.91,0,0,ICMP,........,0,0,1,1028,0,0,0,0,0,0,0,0,0,0,0.0.0.0,0.0.0.0,0,0,00:00:00:00:00:00,00:00:00:00:00:00,00:00:00:00:00:00,00:00:00:00:00:00,0-0-0,0-0-0,0-0-0,0-0-0,0-0-0,0-0-0,0-0-0,0-0-0,0-0-0,0-0-0,    0.000,    0.000,    0.000,127.0.0.1,0/0,1,2025-01-14 13:40:01.347
2025-01-14 13:34:12,2025-01-14 13:34:12,0.000,45.208.185.207,172.20.10.2,0,2048,ICMP,........,0,0,1,1028,0,0,0,0,0,0,0,0,0,0,0.0.0.0,0.0.0.0,0,0,00:00:00:00:00:00,00:00:00:00:00:00,00:00:00:00:00:00,00:00:00:00:00:00,0-0-0,0-0-0,0-0-0,0-0-0,0-0-0,0-0-0,0-0-0,0-0-0,0-0-0,0-0-0,    0.000,    0.000,    0.000,127.0.0.1,0/0,1,2025-01-14 13:40:01.347
2025-01-14 13:34:12,2025-01-14 13:34:12,0.000,172.20.10.2,45.208.185.207,0,0,ICMP,........,0,0,1,1028,0,0,0,0,0,0,0,0,0,0,0.0.0.0,0.0.0.0,0,0,00:00:00:00:00:00,00:00:00:00:00:00,00:00:00:00:00:00,00:00:00:00:00:00,0-0-0,0-0-0,0-0-0,0-0-0,0-0-0,0-0-0,0-0-0,0-0-0,0-0-0,0-0-0,    0.000,    0.000,    0.000,127.0.0.1,0/0,1,2025-01-14 13:40:01.347
2025-01-14 13:34:12,2025-01-14 13:34:12,0.000,149.22.39.88,172.20.10.2,0,2048,ICMP,........,0,0,1,1028,0,0,0,0,0,0,0,0,0,0,0.0.0.0,0.0.0.0,0,0,00:00:00:00:00:00,00:00:00:00:00:00,00:00:00:00:00:00,00:00:00:00:00:00,0-0-0,0-0-0,0-0-0,0-0-0,0-0-0,0-0-0,0-0-0,0-0-0,0-0-0,0-0-0,    0.000,    0.000,    0.000,127.0.0.1,0/0,1,2025-01-14 13:40:01.347
2025-01-14 13:34:12,2025-01-14 13:34:12,0.000,172.20.10.2,149.22.39.88,0,0,ICMP,........,0,0,1,1028,0,0,0,0,0,0,0,0,0,0,0.0.0.0,0.0.0.0,0,0,00:00:00:00:00:00,00:00:00:00:00:00,00:00:00:00:00:00,00:00:00:00:00:00,0-0-0,0-0-0,0-0-0,0-0-0,0-0-0,0-0-0,0-0-0,0-0-0,0-0-0,0-0-0,    0.000,    0.000,    0.000,127.0.0.1,0/0,1,2025-01-14 13:40:01.347
2025-01-14 13:34:12,2025-01-14 13:34:12,0.000,239.51.223.127,172.20.10.2,0,2048,ICMP,........,0,0,1,1028,0,0,0,0,0,0,0,0,0,0,0.0.0.0,0.0.0.0,0,0,00:00:00:00:00:00,00:00:00:00:00:00,00:00:00:00:00:00,00:00:00:00:00:00,0-0-0,0-0-0,0-0-0,0-0-0,0-0-0,0-0-0,0-0-0,0-0-0,0-0-0,0-0-0,    0.000,    0.000,    0.000,127.0.0.1,0/0,1,2025-01-14 13:40:01.347
2025-01-14 13:34:12,2025-01-14 13:34:12,0.000,44.157.204.25,172.20.10.2,0,2048,ICMP,........,0,0,1,1028,0,0,0,0,0,0,0,0,0,0,0.0.0.0,0.0.0.0,0,0,00:00:00:00:00:00,00:00:00:00:00:00,00:00:00:00:00:00,00:00:00:00:00:00,0-0-0,0-0-0,0-0-0,0-0-0,0-0-0,0-0-0,0-0-0,0-0-0,0-0-0,0-0-0,    0.000,    0.000,    0.000,127.0.0.1,0/0,1,2025-01-14 13:40:01.347
2025-01-14 13:34:12,2025-01-14 13:34:12,0.000,172.20.10.2,44.157.204.25,0,0,ICMP,........,0,0,1,1028,0,0,0,0,0,0,0,0,0,0,0.0.0.0,0.0.0.0,0,0,00:00:00:00:00:00,00:00:00:00:00:00,00:00:00:00:00:00,00:00:00:00:00:00,0-0-0,0-0-0,0-0-0,0-0-0,0-0-0,0-0-0,0-0-0,0-0-0,0-0-0,0-0-0,    0.000,    0.000,    0.000,127.0.0.1,0/0,1,2025-01-14 13:40:01.347
2025-01-14 13:34:12,2025-01-14 13:34:12,0.000,208.229.73.82,172.20.10.2,0,2048,ICMP,........,0,0,1,1028,0,0,0,0,0,0,0,0,0,0,0.0.0.0,0.0.0.0,0,0,00:00:00:00:00:00,00:00:00:00:00:00,00:00:00:00:00:00,00:00:00:00:00:00,0-0-0,0-0-0,0-0-0,0-0-0,0-0-0,0-0-0,0-0-0,0-0-0,0-0-0,0-0-0,    0.000,    0.000,    0.000,127.0.0.1,0/0,1,2025-01-14 13:40:01.347
2025-01-14 13:34:12,2025-01-14 13:34:12,0.000,172.20.10.2,208.229.73.82,0,0,ICMP,........,0,0,1,1028,0,0,0,0,0,0,0,0,0,0,0.0.0.0,0.0.0.0,0,0,00:00:00:00:00:00,00:00:00:00:00:00,00:00:00:00:00:00,00:00:00:00:00:00,0-0-0,0-0-0,0-0-0,0-0-0,0-0-0,0-0-0,0-0-0,0-0-0,0-0-0,0-0-0,    0.000,    0.000,    0.000,127.0.0.1,0/0,1,2025-01-14 13:40:01.347
2025-01-14 13:34:12,2025-01-14 13:34:12,0.000,32.51.131.173,172.20.10.2,0,2048,ICMP,........,0,0,1,1028,0,0,0,0,0,0,0,0,0,0,0.0.0.0,0.0.0.0,0,0,00:00:00:00:00:00,00:00:00:00:00:00,00:00:00:00:00:00,00:00:00:00:00:00,0-0-0,0-0-0,0-0-0,0-0-0,0-0-0,0-0-0,0-0-0,0-0-0,0-0-0,0-0-0,    0.000,    0.000,    0.000,127.0.0.1,0/0,1,2025-01-14 13:40:01.347
2025-01-14 13:34:12,2025-01-14 13:34:12,0.000,172.20.10.2,32.51.131.173,0,0,ICMP,........,0,0,1,1028,0,0,0,0,0,0,0,0,0,0,0.0.0.0,0.0.0.0,0,0,00:00:00:00:00:00,00:00:00:00:00:00,00:00:00:00:00:00,00:00:00:00:00:00,0-0-0,0-0-0,0-0-0,0-0-0,0-0-0,0-0-0,0-0-0,0-0-0,0-0-0,0-0-0,    0.000,    0.000,    0.000,127.0.0.1,0/0,1,2025-01-14 13:40:01.347
2025-01-14 13:34:12,2025-01-14 13:34:12,0.000,232.154.58.74,172.20.10.2,0,2048,ICMP,........,0,0,1,1028,0,0,0,0,0,0,0,0,0,0,0.0.0.0,0.0.0.0,0,0,00:00:00:00:00:00,00:00:00:00:00:00,00:00:00:00:00:00,00:00:00:00:00:00,0-0-0,0-0-0,0-0-0,0-0-0,0-0-0,0-0-0,0-0-0,0-0-0,0-0-0,0-0-0,    0.000,    0.000,    0.000,127.0.0.1,0/0,1,2025-01-14 13:40:01.347
2025-01-14 13:34:12,2025-01-14 13:34:12,0.000,121.95.181.60,172.20.10.2,0,2048,ICMP,........,0,0,1,1028,0,0,0,0,0,0,0,0,0,0,0.0.0.0,0.0.0.0,0,0,00:00:00:00:00:00,00:00:00:00:00:00,00:00:00:00:00:00,00:00:00:00:00:00,0-0-0,0-0-0,0-0-0,0-0-0,0-0-0,0-0-0,0-0-0,0-0-0,0-0-0,0-0-0,    0.000,    0.000,    0.000,127.0.0.1,0/0,1,2025-01-14 13:40:01.347
2025-01-14 13:34:12,2025-01-14 13:34:12,0.000,172.20.10.2,121.95.181.60,0,0,ICMP,........,0,0,1,1028,0,0,0,0,0,0,0,0,0,0,0.0.0.0,0.0.0.0,0,0,00:00:00:00:00:00,00:00:00:00:00:00,00:00:00:00:00:00,00:00:00:00:00:00,0-0-0,0-0-0,0-0-0,0-0-0,0-0-0,0-0-0,0-0-0,0-0-0,0-0-0,0-0-0,    0.000,    0.000,    0.000,127.0.0.1,0/0,1,2025-01-14 13:40:01.347
2025-01-14 13:34:12,2025-01-14 13:34:12,0.000,207.164.189.130,172.20.10.2,0,2048,ICMP,........,0,0,1,1028,0,0,0,0,0,0,0,0,0,0,0.0.0.0,0.0.0.0,0,0,00:00:00:00:00:00,00:00:00:00:00:00,00:00:00:00:00:00,00:00:00:00:00:00,0-0-0,0-0-0,0-0-0,0-0-0,0-0-0,0-0-0,0-0-0,0-0-0,0-0-0,0-0-0,    0.000,    0.000,    0.000,127.0.0.1,0/0,1,2025-01-14 13:40:01.363
2025-01-14 13:34:12,2025-01-14 13:34:12,0.000,172.20.10.2,207.164.189.130,0,0,ICMP,........,0,0,1,1028,0,0,0,0,0,0,0,0,0,0,0.0.0.0,0.0.0.0,0,0,00:00:00:00:00:00,00:00:00:00:00:00,00:00:00:00:00:00,00:00:00:00:00:00,0-0-0,0-0-0,0-0-0,0-0-0,0-0-0,0-0-0,0-0-0,0-0-0,0-0-0,0-0-0,    0.000,    0.000,    0.000,127.0.0.1,0/0,1,2025-01-14 13:40:01.363
2025-01-14 13:34:12,2025-01-14 13:34:12,0.000,247.93.27.96,172.20.10.2,0,2048,ICMP,........,0,0,1,1028,0,0,0,0,0,0,0,0,0,0,0.0.0.0,0.0.0.0,0,0,00:00:00:00:00:00,00:00:00:00:00:00,00:00:00:00:00:00,00:00:00:00:00:00,0-0-0,0-0-0,0-0-0,0-0-0,0-0-0,0-0-0,0-0-0,0-0-0,0-0-0,0-0-0,    0.000,    0.000,    0.000,127.0.0.1,0/0,1,2025-01-14 13:40:01.363
2025-01-14 13:34:12,2025-01-14 13:34:12,0.000,172.20.10.2,247.93.27.96,0,0,ICMP,........,0,0,1,1028,0,0,0,0,0,0,0,0,0,0,0.0.0.0,0.0.0.0,0,0,00:00:00:00:00:00,00:00:00:00:00:00,00:00:00:00:00:00,00:00:00:00:00:00,0-0-0,0-0-0,0-0-0,0-0-0,0-0-0,0-0-0,0-0-0,0-0-0,0-0-0,0-0-0,    0.000,    0.000,    0.000,127.0.0.1,0/0,1,2025-01-14 13:40:01.363
2025-01-14 13:34:12,2025-01-14 13:34:12,0.000,183.253.42.20,172.20.10.2,0,2048,ICMP,........,0,0,1,1028,0,0,0,0,0,0,0,0,0,0,0.0.0.0,0.0.0.0,0,0,00:00:00:00:00:00,00:00:00:00:00:00,00:00:00:00:00:00,00:00:00:00:00:00,0-0-0,0-0-0,0-0-0,0-0-0,0-0-0,0-0-0,0-0-0,0-0-0,0-0-0,0-0-0,    0.000,    0.000,    0.000,127.0.0.1,0/0,1,2025-01-14 13:40:01.363
2025-01-14 13:34:12,2025-01-14 13:34:12,0.000,172.20.10.2,183.253.42.20,0,0,ICMP,........,0,0,1,1028,0,0,0,0,0,0,0,0,0,0,0.0.0.0,0.0.0.0,0,0,00:00:00:00:00:00,00:00:00:00:00:00,00:00:00:00:00:00,00:00:00:00:00:00,0-0-0,0-0-0,0-0-0,0-0-0,0-0-0,0-0-0,0-0-0,0-0-0,0-0-0,0-0-0,    0.000,    0.000,    0.000,127.0.0.1,0/0,1,2025-01-14 13:40:01.363
2025-01-14 13:34:12,2025-01-14 13:34:12,0.000,172.93.122.207,172.20.10.2,0,2048,ICMP,........,0,0,1,1028,0,0,0,0,0,0,0,0,0,0,0.0.0.0,0.0.0.0,0,0,00:00:00:00:00:00,00:00:00:00:00:00,00:00:00:00:00:00,00:00:00:00:00:00,0-0-0,0-0-0,0-0-0,0-0-0,0-0-0,0-0-0,0-0-0,0-0-0,0-0-0,0-0-0,    0.000,    0.000,    0.000,127.0.0.1,0/0,1,2025-01-14 13:40:01.363
2025-01-14 13:34:12,2025-01-14 13:34:12,0.000,172.20.10.2,172.93.122.207,0,0,ICMP,........,0,0,1,1028,0,0,0,0,0,0,0,0,0,0,0.0.0.0,0.0.0.0,0,0,00:00:00:00:00:00,00:00:00:00:00:00,00:00:00:00:00:00,00:00:00:00:00:00,0-0-0,0-0-0,0-0-0,0-0-0,0-0-0,0-0-0,0-0-0,0-0-0,0-0-0,0-0-0,    0.000,    0.000,    0.000,127.0.0.1,0/0,1,2025-01-14 13:40:01.363
2025-01-14 13:34:12,2025-01-14 13:34:12,0.000,171.122.63.210,172.20.10.2,0,2048,ICMP,........,0,0,1,1028,0,0,0,0,0,0,0,0,0,0,0.0.0.0,0.0.0.0,0,0,00:00:00:00:00:00,00:00:00:00:00:00,00:00:00:00:00:00,00:00:00:00:00:00,0-0-0,0-0-0,0-0-0,0-0-0,0-0-0,0-0-0,0-0-0,0-0-0,0-0-0,0-0-0,    0.000,    0.000,    0.000,127.0.0.1,0/0,1,2025-01-14 13:40:01.363
2025-01-14 13:34:12,2025-01-14 13:34:12,0.000,172.20.10.2,171.122.63.210,0,0,ICMP,........,0,0,1,1028,0,0,0,0,0,0,0,0,0,0,0.0.0.0,0.0.0.0,0,0,00:00:00:00:00:00,00:00:00:00:00:00,00:00:00:00:00:00,00:00:00:00:00:00,0-0-0,0-0-0,0-0-0,0-0-0,0-0-0,0-0-0,0-0-0,0-0-0,0-0-0,0-0-0,    0.000,    0.000,    0.000,127.0.0.1,0/0,1,2025-01-14 13:40:01.363
2025-01-14 13:34:12,2025-01-14 13:34:12,0.000,236.234.154.163,172.20.10.2,0,2048,ICMP,........,0,0,1,1028,0,0,0,0,0,0,0,0,0,0,0.0.0.0,0.0.0.0,0,0,00:00:00:00:00:00,00:00:00:00:00:00,00:00:00:00:00:00,00:00:00:00:00:00,0-0-0,0-0-0,0-0-0,0-0-0,0-0-0,0-0-0,0-0-0,0-0-0,0-0-0,0-0-0,    0.000,    0.000,    0.000,127.0.0.1,0/0,1,2025-01-14 13:40:01.363
2025-01-14 13:34:12,2025-01-14 13:34:12,0.000,27.48.109.108,172.20.10.2,0,2048,ICMP,........,0,0,1,1028,0,0,0,0,0,0,0,0,0,0,0.0.0.0,0.0.0.0,0,0,00:00:00:00:00:00,00:00:00:00:00:00,00:00:00:00:00:00,00:00:00:00:00:00,0-0-0,0-0-0,0-0-0,0-0-0,0-0-0,0-0-0,0-0-0,0-0-0,0-0-0,0-0-0,    0.000,    0.000,    0.000,127.0.0.1,0/0,1,2025-01-14 13:40:01.363
2025-01-14 13:34:12,2025-01-14 13:34:12,0.000,172.20.10.2,27.48.109.108,0,0,ICMP,........,0,0,1,1028,0,0,0,0,0,0,0,0,0,0,0.0.0.0,0.0.0.0,0,0,00:00:00:00:00:00,00:00:00:00:00:00,00:00:00:00:00:00,00:00:00:00:00:00,0-0-0,0-0-0,0-0-0,0-0-0,0-0-0,0-0-0,0-0-0,0-0-0,0-0-0,0-0-0,    0.000,    0.000,    0.000,127.0.0.1,0/0,1,2025-01-14 13:40:01.363
2025-01-14 13:34:12,2025-01-14 13:34:12,0.000,228.100.162.123,172.20.10.2,0,2048,ICMP,........,0,0,1,1028,0,0,0,0,0,0,0,0,0,0,0.0.0.0,0.0.0.0,0,0,00:00:00:00:00:00,00:00:00:00:00:00,00:00:00:00:00:00,00:00:00:00:00:00,0-0-0,0-0-0,0-0-0,0-0-0,0-0-0,0-0-0,0-0-0,0-0-0,0-0-0,0-0-0,    0.000,    0.000,    0.000,127.0.0.1,0/0,1,2025-01-14 13:40:01.363
2025-01-14 13:34:12,2025-01-14 13:34:12,0.000,52.5.205.118,172.20.10.2,0,2048,ICMP,........,0,0,1,1028,0,0,0,0,0,0,0,0,0,0,0.0.0.0,0.0.0.0,0,0,00:00:00:00:00:00,00:00:00:00:00:00,00:00:00:00:00:00,00:00:00:00:00:00,0-0-0,0-0-0,0-0-0,0-0-0,0-0-0,0-0-0,0-0-0,0-0-0,0-0-0,0-0-0,    0.000,    0.000,    0.000,127.0.0.1,0/0,1,2025-01-14 13:40:01.363
2025-01-14 13:34:12,2025-01-14 13:34:12,0.000,172.20.10.2,52.5.205.118,0,0,ICMP,........,0,0,1,1028,0,0,0,0,0,0,0,0,0,0,0.0.0.0,0.0.0.0,0,0,00:00:00:00:00:00,00:00:00:00:00:00,00:00:00:00:00:00,00:00:00:00:00:00,0-0-0,0-0-0,0-0-0,0-0-0,0-0-0,0-0-0,0-0-0,0-0-0,0-0-0,0-0-0,    0.000,    0.000,    0.000,127.0.0.1,0/0,1,2025-01-14 13:40:01.363
2025-01-14 13:34:12,2025-01-14 13:34:12,0.000,20.205.165.185,172.20.10.2,0,2048,ICMP,........,0,0,1,1028,0,0,0,0,0,0,0,0,0,0,0.0.0.0,0.0.0.0,0,0,00:00:00:00:00:00,00:00:00:00:00:00,00:00:00:00:00:00,00:00:00:00:00:00,0-0-0,0-0-0,0-0-0,0-0-0,0-0-0,0-0-0,0-0-0,0-0-0,0-0-0,0-0-0,    0.000,    0.000,    0.000,127.0.0.1,0/0,1,2025-01-14 13:40:01.363
2025-01-14 13:34:12,2025-01-14 13:34:12,0.000,172.20.10.2,20.205.165.185,0,0,ICMP,........,0,0,1,1028,0,0,0,0,0,0,0,0,0,0,0.0.0.0,0.0.0.0,0,0,00:00:00:00:00:00,00:00:00:00:00:00,00:00:00:00:00:00,00:00:00:00:00:00,0-0-0,0-0-0,0-0-0,0-0-0,0-0-0,0-0-0,0-0-0,0-0-0,0-0-0,0-0-0,    0.000,    0.000,    0.000,127.0.0.1,0/0,1,2025-01-14 13:40:01.363
2025-01-14 13:34:12,2025-01-14 13:34:12,0.000,103.153.8.63,172.20.10.2,0,2048,ICMP,........,0,0,1,1028,0,0,0,0,0,0,0,0,0,0,0.0.0.0,0.0.0.0,0,0,00:00:00:00:00:00,00:00:00:00:00:00,00:00:00:00:00:00,00:00:00:00:00:00,0-0-0,0-0-0,0-0-0,0-0-0,0-0-0,0-0-0,0-0-0,0-0-0,0-0-0,0-0-0,    0.000,    0.000,    0.000,127.0.0.1,0/0,1,2025-01-14 13:40:01.363
2025-01-14 13:34:12,2025-01-14 13:34:12,0.000,172.20.10.2,103.153.8.63,0,0,ICMP,........,0,0,1,1028,0,0,0,0,0,0,0,0,0,0,0.0.0.0,0.0.0.0,0,0,00:00:00:00:00:00,00:00:00:00:00:00,00:00:00:00:00:00,00:00:00:00:00:00,0-0-0,0-0-0,0-0-0,0-0-0,0-0-0,0-0-0,0-0-0,0-0-0,0-0-0,0-0-0,    0.000,    0.000,    0.000,127.0.0.1,0/0,1,2025-01-14 13:40:01.363
2025-01-14 13:34:12,2025-01-14 13:34:12,0.000,206.2.68.15,172.20.10.2,0,2048,ICMP,........,0,0,1,1028,0,0,0,0,0,0,0,0,0,0,0.0.0.0,0.0.0.0,0,0,00:00:00:00:00:00,00:00:00:00:00:00,00:00:00:00:00:00,00:00:00:00:00:00,0-0-0,0-0-0,0-0-0,0-0-0,0-0-0,0-0-0,0-0-0,0-0-0,0-0-0,0-0-0,    0.000,    0.000,    0.000,127.0.0.1,0/0,1,2025-01-14 13:40:01.363
2025-01-14 13:34:12,2025-01-14 13:34:12,0.000,172.20.10.2,206.2.68.15,0,0,ICMP,........,0,0,1,1028,0,0,0,0,0,0,0,0,0,0,0.0.0.0,0.0.0.0,0,0,00:00:00:00:00:00,00:00:00:00:00:00,00:00:00:00:00:00,00:00:00:00:00:00,0-0-0,0-0-0,0-0-0,0-0-0,0-0-0,0-0-0,0-0-0,0-0-0,0-0-0,0-0-0,    0.000,    0.000,    0.000,127.0.0.1,0/0,1,2025-01-14 13:40:01.363
2025-01-14 13:34:12,2025-01-14 13:34:12,0.000,125.88.99.227,172.20.10.2,0,2048,ICMP,........,0,0,1,1028,0,0,0,0,0,0,0,0,0,0,0.0.0.0,0.0.0.0,0,0,00:00:00:00:00:00,00:00:00:00:00:00,00:00:00:00:00:00,00:00:00:00:00:00,0-0-0,0-0-0,0-0-0,0-0-0,0-0-0,0-0-0,0-0-0,0-0-0,0-0-0,0-0-0,    0.000,    0.000,    0.000,127.0.0.1,0/0,1,2025-01-14 13:40:01.363
2025-01-14 13:34:12,2025-01-14 13:34:12,0.000,172.20.10.2,125.88.99.227,0,0,ICMP,........,0,0,1,1028,0,0,0,0,0,0,0,0,0,0,0.0.0.0,0.0.0.0,0,0,00:00:00:00:00:00,00:00:00:00:00:00,00:00:00:00:00:00,00:00:00:00:00:00,0-0-0,0-0-0,0-0-0,0-0-0,0-0-0,0-0-0,0-0-0,0-0-0,0-0-0,0-0-0,    0.000,    0.000,    0.000,127.0.0.1,0/0,1,2025-01-14 13:40:01.363
2025-01-14 13:34:12,2025-01-14 13:34:12,0.000,186.120.46.16,172.20.10.2,0,2048,ICMP,........,0,0,1,1028,0,0,0,0,0,0,0,0,0,0,0.0.0.0,0.0.0.0,0,0,00:00:00:00:00:00,00:00:00:00:00:00,00:00:00:00:00:00,00:00:00:00:00:00,0-0-0,0-0-0,0-0-0,0-0-0,0-0-0,0-0-0,0-0-0,0-0-0,0-0-0,0-0-0,    0.000,    0.000,    0.000,127.0.0.1,0/0,1,2025-01-14 13:40:01.363
2025-01-14 13:34:12,2025-01-14 13:34:12,0.000,172.20.10.2,186.120.46.16,0,0,ICMP,........,0,0,1,1028,0,0,0,0,0,0,0,0,0,0,0.0.0.0,0.0.0.0,0,0,00:00:00:00:00:00,00:00:00:00:00:00,00:00:00:00:00:00,00:00:00:00:00:00,0-0-0,0-0-0,0-0-0,0-0-0,0-0-0,0-0-0,0-0-0,0-0-0,0-0-0,0-0-0,    0.000,    0.000,    0.000,127.0.0.1,0/0,1,2025-01-14 13:40:01.363
2025-01-14 13:34:12,2025-01-14 13:34:12,0.000,27.172.216.159,172.20.10.2,0,2048,ICMP,........,0,0,1,1028,0,0,0,0,0,0,0,0,0,0,0.0.0.0,0.0.0.0,0,0,00:00:00:00:00:00,00:00:00:00:00:00,00:00:00:00:00:00,00:00:00:00:00:00,0-0-0,0-0-0,0-0-0,0-0-0,0-0-0,0-0-0,0-0-0,0-0-0,0-0-0,0-0-0,    0.000,    0.000,    0.000,127.0.0.1,0/0,1,2025-01-14 13:40:01.363
2025-01-14 13:34:12,2025-01-14 13:34:12,0.000,172.20.10.2,27.172.216.159,0,0,ICMP,........,0,0,1,1028,0,0,0,0,0,0,0,0,0,0,0.0.0.0,0.0.0.0,0,0,00:00:00:00:00:00,00:00:00:00:00:00,00:00:00:00:00:00,00:00:00:00:00:00,0-0-0,0-0-0,0-0-0,0-0-0,0-0-0,0-0-0,0-0-0,0-0-0,0-0-0,0-0-0,    0.000,    0.000,    0.000,127.0.0.1,0/0,1,2025-01-14 13:40:01.363
2025-01-14 13:34:12,2025-01-14 13:34:12,0.000,123.218.179.205,172.20.10.2,0,2048,ICMP,........,0,0,1,1028,0,0,0,0,0,0,0,0,0,0,0.0.0.0,0.0.0.0,0,0,00:00:00:00:00:00,00:00:00:00:00:00,00:00:00:00:00:00,00:00:00:00:00:00,0-0-0,0-0-0,0-0-0,0-0-0,0-0-0,0-0-0,0-0-0,0-0-0,0-0-0,0-0-0,    0.000,    0.000,    0.000,127.0.0.1,0/0,1,2025-01-14 13:40:01.363
2025-01-14 13:34:12,2025-01-14 13:34:12,0.000,172.20.10.2,123.218.179.205,0,0,ICMP,........,0,0,1,1028,0,0,0,0,0,0,0,0,0,0,0.0.0.0,0.0.0.0,0,0,00:00:00:00:00:00,00:00:00:00:00:00,00:00:00:00:00:00,00:00:00:00:00:00,0-0-0,0-0-0,0-0-0,0-0-0,0-0-0,0-0-0,0-0-0,0-0-0,0-0-0,0-0-0,    0.000,    0.000,    0.000,127.0.0.1,0/0,1,2025-01-14 13:40:01.368
2025-01-14 13:34:12,2025-01-14 13:34:12,0.000,148.240.107.84,172.20.10.2,0,2048,ICMP,........,0,0,1,1028,0,0,0,0,0,0,0,0,0,0,0.0.0.0,0.0.0.0,0,0,00:00:00:00:00:00,00:00:00:00:00:00,00:00:00:00:00:00,00:00:00:00:00:00,0-0-0,0-0-0,0-0-0,0-0-0,0-0-0,0-0-0,0-0-0,0-0-0,0-0-0,0-0-0,    0.000,    0.000,    0.000,127.0.0.1,0/0,1,2025-01-14 13:40:01.368
2025-01-14 13:34:12,2025-01-14 13:34:12,0.000,172.20.10.2,148.240.107.84,0,0,ICMP,........,0,0,1,1028,0,0,0,0,0,0,0,0,0,0,0.0.0.0,0.0.0.0,0,0,00:00:00:00:00:00,00:00:00:00:00:00,00:00:00:00:00:00,00:00:00:00:00:00,0-0-0,0-0-0,0-0-0,0-0-0,0-0-0,0-0-0,0-0-0,0-0-0,0-0-0,0-0-0,    0.000,    0.000,    0.000,127.0.0.1,0/0,1,2025-01-14 13:40:01.368
2025-01-14 13:34:12,2025-01-14 13:34:12,0.000,118.239.62.172,172.20.10.2,0,2048,ICMP,........,0,0,1,1028,0,0,0,0,0,0,0,0,0,0,0.0.0.0,0.0.0.0,0,0,00:00:00:00:00:00,00:00:00:00:00:00,00:00:00:00:00:00,00:00:00:00:00:00,0-0-0,0-0-0,0-0-0,0-0-0,0-0-0,0-0-0,0-0-0,0-0-0,0-0-0,0-0-0,    0.000,    0.000,    0.000,127.0.0.1,0/0,1,2025-01-14 13:40:01.368
2025-01-14 13:34:12,2025-01-14 13:34:12,0.000,172.20.10.2,118.239.62.172,0,0,ICMP,........,0,0,1,1028,0,0,0,0,0,0,0,0,0,0,0.0.0.0,0.0.0.0,0,0,00:00:00:00:00:00,00:00:00:00:00:00,00:00:00:00:00:00,00:00:00:00:00:00,0-0-0,0-0-0,0-0-0,0-0-0,0-0-0,0-0-0,0-0-0,0-0-0,0-0-0,0-0-0,    0.000,    0.000,    0.000,127.0.0.1,0/0,1,2025-01-14 13:40:01.368
2025-01-14 13:34:12,2025-01-14 13:34:12,0.000,28.90.58.173,172.20.10.2,0,2048,ICMP,........,0,0,1,1028,0,0,0,0,0,0,0,0,0,0,0.0.0.0,0.0.0.0,0,0,00:00:00:00:00:00,00:00:00:00:00:00,00:00:00:00:00:00,00:00:00:00:00:00,0-0-0,0-0-0,0-0-0,0-0-0,0-0-0,0-0-0,0-0-0,0-0-0,0-0-0,0-0-0,    0.000,    0.000,    0.000,127.0.0.1,0/0,1,2025-01-14 13:40:01.368
2025-01-14 13:34:12,2025-01-14 13:34:12,0.000,172.20.10.2,28.90.58.173,0,0,ICMP,........,0,0,1,1028,0,0,0,0,0,0,0,0,0,0,0.0.0.0,0.0.0.0,0,0,00:00:00:00:00:00,00:00:00:00:00:00,00:00:00:00:00:00,00:00:00:00:00:00,0-0-0,0-0-0,0-0-0,0-0-0,0-0-0,0-0-0,0-0-0,0-0-0,0-0-0,0-0-0,    0.000,    0.000,    0.000,127.0.0.1,0/0,1,2025-01-14 13:40:01.368
2025-01-14 13:34:12,2025-01-14 13:34:12,0.000,139.64.115.175,172.20.10.2,0,2048,ICMP,........,0,0,1,1028,0,0,0,0,0,0,0,0,0,0,0.0.0.0,0.0.0.0,0,0,00:00:00:00:00:00,00:00:00:00:00:00,00:00:00:00:00:00,00:00:00:00:00:00,0-0-0,0-0-0,0-0-0,0-0-0,0-0-0,0-0-0,0-0-0,0-0-0,0-0-0,0-0-0,    0.000,    0.000,    0.000,127.0.0.1,0/0,1,2025-01-14 13:40:01.368
2025-01-14 13:34:12,2025-01-14 13:34:12,0.000,172.20.10.2,139.64.115.175,0,0,ICMP,........,0,0,1,1028,0,0,0,0,0,0,0,0,0,0,0.0.0.0,0.0.0.0,0,0,00:00:00:00:00:00,00:00:00:00:00:00,00:00:00:00:00:00,00:00:00:00:00:00,0-0-0,0-0-0,0-0-0,0-0-0,0-0-0,0-0-0,0-0-0,0-0-0,0-0-0,0-0-0,    0.000,    0.000,    0.000,127.0.0.1,0/0,1,2025-01-14 13:40:01.368
2025-01-14 13:34:12,2025-01-14 13:34:12,0.000,127.183.225.0,172.20.10.2,0,2048,ICMP,........,0,0,1,1028,0,0,0,0,0,0,0,0,0,0,0.0.0.0,0.0.0.0,0,0,00:00:00:00:00:00,00:00:00:00:00:00,00:00:00:00:00:00,00:00:00:00:00:00,0-0-0,0-0-0,0-0-0,0-0-0,0-0-0,0-0-0,0-0-0,0-0-0,0-0-0,0-0-0,    0.000,    0.000,    0.000,127.0.0.1,0/0,1,2025-01-14 13:40:01.368
2025-01-14 13:34:12,2025-01-14 13:34:12,0.000,137.136.26.3,172.20.10.2,0,2048,ICMP,........,0,0,1,1028,0,0,0,0,0,0,0,0,0,0,0.0.0.0,0.0.0.0,0,0,00:00:00:00:00:00,00:00:00:00:00:00,00:00:00:00:00:00,00:00:00:00:00:00,0-0-0,0-0-0,0-0-0,0-0-0,0-0-0,0-0-0,0-0-0,0-0-0,0-0-0,0-0-0,    0.000,    0.000,    0.000,127.0.0.1,0/0,1,2025-01-14 13:40:01.368
2025-01-14 13:34:12,2025-01-14 13:34:12,0.000,172.20.10.2,137.136.26.3,0,0,ICMP,........,0,0,1,1028,0,0,0,0,0,0,0,0,0,0,0.0.0.0,0.0.0.0,0,0,00:00:00:00:00:00,00:00:00:00:00:00,00:00:00:00:00:00,00:00:00:00:00:00,0-0-0,0-0-0,0-0-0,0-0-0,0-0-0,0-0-0,0-0-0,0-0-0,0-0-0,0-0-0,    0.000,    0.000,    0.000,127.0.0.1,0/0,1,2025-01-14 13:40:01.368
2025-01-14 13:34:12,2025-01-14 13:34:12,0.000,52.49.162.28,172.20.10.2,0,2048,ICMP,........,0,0,1,1028,0,0,0,0,0,0,0,0,0,0,0.0.0.0,0.0.0.0,0,0,00:00:00:00:00:00,00:00:00:00:00:00,00:00:00:00:00:00,00:00:00:00:00:00,0-0-0,0-0-0,0-0-0,0-0-0,0-0-0,0-0-0,0-0-0,0-0-0,0-0-0,0-0-0,    0.000,    0.000,    0.000,127.0.0.1,0/0,1,2025-01-14 13:40:01.368
2025-01-14 13:34:12,2025-01-14 13:34:12,0.000,172.20.10.2,52.49.162.28,0,0,ICMP,........,0,0,1,1028,0,0,0,0,0,0,0,0,0,0,0.0.0.0,0.0.0.0,0,0,00:00:00:00:00:00,00:00:00:00:00:00,00:00:00:00:00:00,00:00:00:00:00:00,0-0-0,0-0-0,0-0-0,0-0-0,0-0-0,0-0-0,0-0-0,0-0-0,0-0-0,0-0-0,    0.000,    0.000,    0.000,127.0.0.1,0/0,1,2025-01-14 13:40:01.368
2025-01-14 13:34:12,2025-01-14 13:34:12,0.000,211.24.86.60,172.20.10.2,0,2048,ICMP,........,0,0,1,1028,0,0,0,0,0,0,0,0,0,0,0.0.0.0,0.0.0.0,0,0,00:00:00:00:00:00,00:00:00:00:00:00,00:00:00:00:00:00,00:00:00:00:00:00,0-0-0,0-0-0,0-0-0,0-0-0,0-0-0,0-0-0,0-0-0,0-0-0,0-0-0,0-0-0,    0.000,    0.000,    0.000,127.0.0.1,0/0,1,2025-01-14 13:40:01.368
2025-01-14 13:34:12,2025-01-14 13:34:12,0.000,172.20.10.2,211.24.86.60,0,0,ICMP,........,0,0,1,1028,0,0,0,0,0,0,0,0,0,0,0.0.0.0,0.0.0.0,0,0,00:00:00:00:00:00,00:00:00:00:00:00,00:00:00:00:00:00,00:00:00:00:00:00,0-0-0,0-0-0,0-0-0,0-0-0,0-0-0,0-0-0,0-0-0,0-0-0,0-0-0,0-0-0,    0.000,    0.000,    0.000,127.0.0.1,0/0,1,2025-01-14 13:40:01.368
2025-01-14 13:34:12,2025-01-14 13:34:12,0.000,173.164.224.220,172.20.10.2,0,2048,ICMP,........,0,0,1,1028,0,0,0,0,0,0,0,0,0,0,0.0.0.0,0.0.0.0,0,0,00:00:00:00:00:00,00:00:00:00:00:00,00:00:00:00:00:00,00:00:00:00:00:00,0-0-0,0-0-0,0-0-0,0-0-0,0-0-0,0-0-0,0-0-0,0-0-0,0-0-0,0-0-0,    0.000,    0.000,    0.000,127.0.0.1,0/0,1,2025-01-14 13:40:01.368
2025-01-14 13:34:12,2025-01-14 13:34:12,0.000,172.20.10.2,173.164.224.220,0,0,ICMP,........,0,0,1,1028,0,0,0,0,0,0,0,0,0,0,0.0.0.0,0.0.0.0,0,0,00:00:00:00:00:00,00:00:00:00:00:00,00:00:00:00:00:00,00:00:00:00:00:00,0-0-0,0-0-0,0-0-0,0-0-0,0-0-0,0-0-0,0-0-0,0-0-0,0-0-0,0-0-0,    0.000,    0.000,    0.000,127.0.0.1,0/0,1,2025-01-14 13:40:01.368
2025-01-14 13:34:12,2025-01-14 13:34:12,0.000,191.99.1.181,172.20.10.2,0,2048,ICMP,........,0,0,1,1028,0,0,0,0,0,0,0,0,0,0,0.0.0.0,0.0.0.0,0,0,00:00:00:00:00:00,00:00:00:00:00:00,00:00:00:00:00:00,00:00:00:00:00:00,0-0-0,0-0-0,0-0-0,0-0-0,0-0-0,0-0-0,0-0-0,0-0-0,0-0-0,0-0-0,    0.000,    0.000,    0.000,127.0.0.1,0/0,1,2025-01-14 13:40:01.368
2025-01-14 13:34:12,2025-01-14 13:34:12,0.000,172.20.10.2,191.99.1.181,0,0,ICMP,........,0,0,1,1028,0,0,0,0,0,0,0,0,0,0,0.0.0.0,0.0.0.0,0,0,00:00:00:00:00:00,00:00:00:00:00:00,00:00:00:00:00:00,00:00:00:00:00:00,0-0-0,0-0-0,0-0-0,0-0-0,0-0-0,0-0-0,0-0-0,0-0-0,0-0-0,0-0-0,    0.000,    0.000,    0.000,127.0.0.1,0/0,1,2025-01-14 13:40:01.368
2025-01-14 13:34:12,2025-01-14 13:34:12,0.000,51.154.219.5,172.20.10.2,0,2048,ICMP,........,0,0,1,1028,0,0,0,0,0,0,0,0,0,0,0.0.0.0,0.0.0.0,0,0,00:00:00:00:00:00,00:00:00:00:00:00,00:00:00:00:00:00,00:00:00:00:00:00,0-0-0,0-0-0,0-0-0,0-0-0,0-0-0,0-0-0,0-0-0,0-0-0,0-0-0,0-0-0,    0.000,    0.000,    0.000,127.0.0.1,0/0,1,2025-01-14 13:40:01.368
2025-01-14 13:34:12,2025-01-14 13:34:12,0.000,172.20.10.2,51.154.219.5,0,0,ICMP,........,0,0,1,1028,0,0,0,0,0,0,0,0,0,0,0.0.0.0,0.0.0.0,0,0,00:00:00:00:00:00,00:00:00:00:00:00,00:00:00:00:00:00,00:00:00:00:00:00,0-0-0,0-0-0,0-0-0,0-0-0,0-0-0,0-0-0,0-0-0,0-0-0,0-0-0,0-0-0,    0.000,    0.000,    0.000,127.0.0.1,0/0,1,2025-01-14 13:40:01.368
2025-01-14 13:34:12,2025-01-14 13:34:12,0.000,22.163.218.91,172.20.10.2,0,2048,ICMP,........,0,0,1,1028,0,0,0,0,0,0,0,0,0,0,0.0.0.0,0.0.0.0,0,0,00:00:00:00:00:00,00:00:00:00:00:00,00:00:00:00:00:00,00:00:00:00:00:00,0-0-0,0-0-0,0-0-0,0-0-0,0-0-0,0-0-0,0-0-0,0-0-0,0-0-0,0-0-0,    0.000,    0.000,    0.000,127.0.0.1,0/0,1,2025-01-14 13:40:01.368
2025-01-14 13:34:12,2025-01-14 13:34:12,0.000,172.20.10.2,22.163.218.91,0,0,ICMP,........,0,0,1,1028,0,0,0,0,0,0,0,0,0,0,0.0.0.0,0.0.0.0,0,0,00:00:00:00:00:00,00:00:00:00:00:00,00:00:00:00:00:00,00:00:00:00:00:00,0-0-0,0-0-0,0-0-0,0-0-0,0-0-0,0-0-0,0-0-0,0-0-0,0-0-0,0-0-0,    0.000,    0.000,    0.000,127.0.0.1,0/0,1,2025-01-14 13:40:01.368
2025-01-14 13:34:12,2025-01-14 13:34:12,0.000,30.25.72.144,172.20.10.2,0,2048,ICMP,........,0,0,1,1028,0,0,0,0,0,0,0,0,0,0,0.0.0.0,0.0.0.0,0,0,00:00:00:00:00:00,00:00:00:00:00:00,00:00:00:00:00:00,00:00:00:00:00:00,0-0-0,0-0-0,0-0-0,0-0-0,0-0-0,0-0-0,0-0-0,0-0-0,0-0-0,0-0-0,    0.000,    0.000,    0.000,127.0.0.1,0/0,1,2025-01-14 13:40:01.368
2025-01-14 13:34:12,2025-01-14 13:34:12,0.000,172.20.10.2,30.25.72.144,0,0,ICMP,........,0,0,1,1028,0,0,0,0,0,0,0,0,0,0,0.0.0.0,0.0.0.0,0,0,00:00:00:00:00:00,00:00:00:00:00:00,00:00:00:00:00:00,00:00:00:00:00:00,0-0-0,0-0-0,0-0-0,0-0-0,0-0-0,0-0-0,0-0-0,0-0-0,0-0-0,0-0-0,    0.000,    0.000,    0.000,127.0.0.1,0/0,1,2025-01-14 13:40:01.368
2025-01-14 13:34:12,2025-01-14 13:34:12,0.000,21.50.62.109,172.20.10.2,0,2048,ICMP,........,0,0,1,1028,0,0,0,0,0,0,0,0,0,0,0.0.0.0,0.0.0.0,0,0,00:00:00:00:00:00,00:00:00:00:00:00,00:00:00:00:00:00,00:00:00:00:00:00,0-0-0,0-0-0,0-0-0,0-0-0,0-0-0,0-0-0,0-0-0,0-0-0,0-0-0,0-0-0,    0.000,    0.000,    0.000,127.0.0.1,0/0,1,2025-01-14 13:40:01.368
2025-01-14 13:34:12,2025-01-14 13:34:12,0.000,172.20.10.2,21.50.62.109,0,0,ICMP,........,0,0,1,1028,0,0,0,0,0,0,0,0,0,0,0.0.0.0,0.0.0.0,0,0,00:00:00:00:00:00,00:00:00:00:00:00,00:00:00:00:00:00,00:00:00:00:00:00,0-0-0,0-0-0,0-0-0,0-0-0,0-0-0,0-0-0,0-0-0,0-0-0,0-0-0,0-0-0,    0.000,    0.000,    0.000,127.0.0.1,0/0,1,2025-01-14 13:40:01.368
2025-01-14 13:34:12,2025-01-14 13:34:12,0.000,45.110.219.132,172.20.10.2,0,2048,ICMP,........,0,0,1,1028,0,0,0,0,0,0,0,0,0,0,0.0.0.0,0.0.0.0,0,0,00:00:00:00:00:00,00:00:00:00:00:00,00:00:00:00:00:00,00:00:00:00:00:00,0-0-0,0-0-0,0-0-0,0-0-0,0-0-0,0-0-0,0-0-0,0-0-0,0-0-0,0-0-0,    0.000,    0.000,    0.000,127.0.0.1,0/0,1,2025-01-14 13:40:01.368
2025-01-14 13:34:12,2025-01-14 13:34:12,0.000,172.20.10.2,45.110.219.132,0,0,ICMP,........,0,0,1,1028,0,0,0,0,0,0,0,0,0,0,0.0.0.0,0.0.0.0,0,0,00:00:00:00:00:00,00:00:00:00:00:00,00:00:00:00:00:00,00:00:00:00:00:00,0-0-0,0-0-0,0-0-0,0-0-0,0-0-0,0-0-0,0-0-0,0-0-0,0-0-0,0-0-0,    0.000,    0.000,    0.000,127.0.0.1,0/0,1,2025-01-14 13:40:01.371
2025-01-14 13:34:12,2025-01-14 13:34:12,0.000,23.182.79.138,172.20.10.2,0,2048,ICMP,........,0,0,1,1028,0,0,0,0,0,0,0,0,0,0,0.0.0.0,0.0.0.0,0,0,00:00:00:00:00:00,00:00:00:00:00:00,00:00:00:00:00:00,00:00:00:00:00:00,0-0-0,0-0-0,0-0-0,0-0-0,0-0-0,0-0-0,0-0-0,0-0-0,0-0-0,0-0-0,    0.000,    0.000,    0.000,127.0.0.1,0/0,1,2025-01-14 13:40:01.371
2025-01-14 13:34:12,2025-01-14 13:34:12,0.000,172.20.10.2,23.182.79.138,0,0,ICMP,........,0,0,1,1028,0,0,0,0,0,0,0,0,0,0,0.0.0.0,0.0.0.0,0,0,00:00:00:00:00:00,00:00:00:00:00:00,00:00:00:00:00:00,00:00:00:00:00:00,0-0-0,0-0-0,0-0-0,0-0-0,0-0-0,0-0-0,0-0-0,0-0-0,0-0-0,0-0-0,    0.000,    0.000,    0.000,127.0.0.1,0/0,1,2025-01-14 13:40:01.371
2025-01-14 13:34:12,2025-01-14 13:34:12,0.000,237.90.45.138,172.20.10.2,0,2048,ICMP,........,0,0,1,1028,0,0,0,0,0,0,0,0,0,0,0.0.0.0,0.0.0.0,0,0,00:00:00:00:00:00,00:00:00:00:00:00,00:00:00:00:00:00,00:00:00:00:00:00,0-0-0,0-0-0,0-0-0,0-0-0,0-0-0,0-0-0,0-0-0,0-0-0,0-0-0,0-0-0,    0.000,    0.000,    0.000,127.0.0.1,0/0,1,2025-01-14 13:40:01.371
2025-01-14 13:34:12,2025-01-14 13:34:12,0.000,133.139.186.164,172.20.10.2,0,2048,ICMP,........,0,0,1,1028,0,0,0,0,0,0,0,0,0,0,0.0.0.0,0.0.0.0,0,0,00:00:00:00:00:00,00:00:00:00:00:00,00:00:00:00:00:00,00:00:00:00:00:00,0-0-0,0-0-0,0-0-0,0-0-0,0-0-0,0-0-0,0-0-0,0-0-0,0-0-0,0-0-0,    0.000,    0.000,    0.000,127.0.0.1,0/0,1,2025-01-14 13:40:01.371
2025-01-14 13:34:12,2025-01-14 13:34:12,0.000,172.20.10.2,133.139.186.164,0,0,ICMP,........,0,0,1,1028,0,0,0,0,0,0,0,0,0,0,0.0.0.0,0.0.0.0,0,0,00:00:00:00:00:00,00:00:00:00:00:00,00:00:00:00:00:00,00:00:00:00:00:00,0-0-0,0-0-0,0-0-0,0-0-0,0-0-0,0-0-0,0-0-0,0-0-0,0-0-0,0-0-0,    0.000,    0.000,    0.000,127.0.0.1,0/0,1,2025-01-14 13:40:01.371
2025-01-14 13:34:12,2025-01-14 13:34:12,0.000,172.150.141.17,172.20.10.2,0,2048,ICMP,........,0,0,1,1028,0,0,0,0,0,0,0,0,0,0,0.0.0.0,0.0.0.0,0,0,00:00:00:00:00:00,00:00:00:00:00:00,00:00:00:00:00:00,00:00:00:00:00:00,0-0-0,0-0-0,0-0-0,0-0-0,0-0-0,0-0-0,0-0-0,0-0-0,0-0-0,0-0-0,    0.000,    0.000,    0.000,127.0.0.1,0/0,1,2025-01-14 13:40:01.371
2025-01-14 13:34:12,2025-01-14 13:34:12,0.000,172.20.10.2,172.150.141.17,0,0,ICMP,........,0,0,1,1028,0,0,0,0,0,0,0,0,0,0,0.0.0.0,0.0.0.0,0,0,00:00:00:00:00:00,00:00:00:00:00:00,00:00:00:00:00:00,00:00:00:00:00:00,0-0-0,0-0-0,0-0-0,0-0-0,0-0-0,0-0-0,0-0-0,0-0-0,0-0-0,0-0-0,    0.000,    0.000,    0.000,127.0.0.1,0/0,1,2025-01-14 13:40:01.371
2025-01-14 13:34:12,2025-01-14 13:34:12,0.000,224.173.198.74,172.20.10.2,0,2048,ICMP,........,0,0,1,1028,0,0,0,0,0,0,0,0,0,0,0.0.0.0,0.0.0.0,0,0,00:00:00:00:00:00,00:00:00:00:00:00,00:00:00:00:00:00,00:00:00:00:00:00,0-0-0,0-0-0,0-0-0,0-0-0,0-0-0,0-0-0,0-0-0,0-0-0,0-0-0,0-0-0,    0.000,    0.000,    0.000,127.0.0.1,0/0,1,2025-01-14 13:40:01.371
2025-01-14 13:34:12,2025-01-14 13:34:12,0.000,79.53.98.78,172.20.10.2,0,2048,ICMP,........,0,0,1,1028,0,0,0,0,0,0,0,0,0,0,0.0.0.0,0.0.0.0,0,0,00:00:00:00:00:00,00:00:00:00:00:00,00:00:00:00:00:00,00:00:00:00:00:00,0-0-0,0-0-0,0-0-0,0-0-0,0-0-0,0-0-0,0-0-0,0-0-0,0-0-0,0-0-0,    0.000,    0.000,    0.000,127.0.0.1,0/0,1,2025-01-14 13:40:01.371
2025-01-14 13:34:12,2025-01-14 13:34:12,0.000,172.20.10.2,79.53.98.78,0,0,ICMP,........,0,0,1,1028,0,0,0,0,0,0,0,0,0,0,0.0.0.0,0.0.0.0,0,0,00:00:00:00:00:00,00:00:00:00:00:00,00:00:00:00:00:00,00:00:00:00:00:00,0-0-0,0-0-0,0-0-0,0-0-0,0-0-0,0-0-0,0-0-0,0-0-0,0-0-0,0-0-0,    0.000,    0.000,    0.000,127.0.0.1,0/0,1,2025-01-14 13:40:01.371
2025-01-14 13:34:12,2025-01-14 13:34:12,0.000,246.12.213.213,172.20.10.2,0,2048,ICMP,........,0,0,1,1028,0,0,0,0,0,0,0,0,0,0,0.0.0.0,0.0.0.0,0,0,00:00:00:00:00:00,00:00:00:00:00:00,00:00:00:00:00:00,00:00:00:00:00:00,0-0-0,0-0-0,0-0-0,0-0-0,0-0-0,0-0-0,0-0-0,0-0-0,0-0-0,0-0-0,    0.000,    0.000,    0.000,127.0.0.1,0/0,1,2025-01-14 13:40:01.371
2025-01-14 13:34:12,2025-01-14 13:34:12,0.000,172.20.10.2,246.12.213.213,0,0,ICMP,........,0,0,1,1028,0,0,0,0,0,0,0,0,0,0,0.0.0.0,0.0.0.0,0,0,00:00:00:00:00:00,00:00:00:00:00:00,00:00:00:00:00:00,00:00:00:00:00:00,0-0-0,0-0-0,0-0-0,0-0-0,0-0-0,0-0-0,0-0-0,0-0-0,0-0-0,0-0-0,    0.000,    0.000,    0.000,127.0.0.1,0/0,1,2025-01-14 13:40:01.371
2025-01-14 13:34:12,2025-01-14 13:34:12,0.000,28.34.191.162,172.20.10.2,0,2048,ICMP,........,0,0,1,1028,0,0,0,0,0,0,0,0,0,0,0.0.0.0,0.0.0.0,0,0,00:00:00:00:00:00,00:00:00:00:00:00,00:00:00:00:00:00,00:00:00:00:00:00,0-0-0,0-0-0,0-0-0,0-0-0,0-0-0,0-0-0,0-0-0,0-0-0,0-0-0,0-0-0,    0.000,    0.000,    0.000,127.0.0.1,0/0,1,2025-01-14 13:40:01.371
2025-01-14 13:34:12,2025-01-14 13:34:12,0.000,172.20.10.2,28.34.191.162,0,0,ICMP,........,0,0,1,1028,0,0,0,0,0,0,0,0,0,0,0.0.0.0,0.0.0.0,0,0,00:00:00:00:00:00,00:00:00:00:00:00,00:00:00:00:00:00,00:00:00:00:00:00,0-0-0,0-0-0,0-0-0,0-0-0,0-0-0,0-0-0,0-0-0,0-0-0,0-0-0,0-0-0,    0.000,    0.000,    0.000,127.0.0.1,0/0,1,2025-01-14 13:40:01.371
2025-01-14 13:34:12,2025-01-14 13:34:12,0.000,2.31.143.24,172.20.10.2,0,2048,ICMP,........,0,0,1,1028,0,0,0,0,0,0,0,0,0,0,0.0.0.0,0.0.0.0,0,0,00:00:00:00:00:00,00:00:00:00:00:00,00:00:00:00:00:00,00:00:00:00:00:00,0-0-0,0-0-0,0-0-0,0-0-0,0-0-0,0-0-0,0-0-0,0-0-0,0-0-0,0-0-0,    0.000,    0.000,    0.000,127.0.0.1,0/0,1,2025-01-14 13:40:01.371
2025-01-14 13:34:12,2025-01-14 13:34:12,0.000,172.20.10.2,2.31.143.24,0,0,ICMP,........,0,0,1,1028,0,0,0,0,0,0,0,0,0,0,0.0.0.0,0.0.0.0,0,0,00:00:00:00:00:00,00:00:00:00:00:00,00:00:00:00:00:00,00:00:00:00:00:00,0-0-0,0-0-0,0-0-0,0-0-0,0-0-0,0-0-0,0-0-0,0-0-0,0-0-0,0-0-0,    0.000,    0.000,    0.000,127.0.0.1,0/0,1,2025-01-14 13:40:01.371
2025-01-14 13:34:12,2025-01-14 13:34:12,0.000,225.35.180.36,172.20.10.2,0,2048,ICMP,........,0,0,1,1028,0,0,0,0,0,0,0,0,0,0,0.0.0.0,0.0.0.0,0,0,00:00:00:00:00:00,00:00:00:00:00:00,00:00:00:00:00:00,00:00:00:00:00:00,0-0-0,0-0-0,0-0-0,0-0-0,0-0-0,0-0-0,0-0-0,0-0-0,0-0-0,0-0-0,    0.000,    0.000,    0.000,127.0.0.1,0/0,1,2025-01-14 13:40:01.371
2025-01-14 13:34:12,2025-01-14 13:34:12,0.000,216.244.86.141,172.20.10.2,0,2048,ICMP,........,0,0,1,1028,0,0,0,0,0,0,0,0,0,0,0.0.0.0,0.0.0.0,0,0,00:00:00:00:00:00,00:00:00:00:00:00,00:00:00:00:00:00,00:00:00:00:00:00,0-0-0,0-0-0,0-0-0,0-0-0,0-0-0,0-0-0,0-0-0,0-0-0,0-0-0,0-0-0,    0.000,    0.000,    0.000,127.0.0.1,0/0,1,2025-01-14 13:40:01.371
2025-01-14 13:34:12,2025-01-14 13:34:12,0.000,172.20.10.2,216.244.86.141,0,0,ICMP,........,0,0,1,1028,0,0,0,0,0,0,0,0,0,0,0.0.0.0,0.0.0.0,0,0,00:00:00:00:00:00,00:00:00:00:00:00,00:00:00:00:00:00,00:00:00:00:00:00,0-0-0,0-0-0,0-0-0,0-0-0,0-0-0,0-0-0,0-0-0,0-0-0,0-0-0,0-0-0,    0.000,    0.000,    0.000,127.0.0.1,0/0,1,2025-01-14 13:40:01.371
2025-01-14 13:34:12,2025-01-14 13:34:12,0.000,160.173.175.82,172.20.10.2,0,2048,ICMP,........,0,0,1,1028,0,0,0,0,0,0,0,0,0,0,0.0.0.0,0.0.0.0,0,0,00:00:00:00:00:00,00:00:00:00:00:00,00:00:00:00:00:00,00:00:00:00:00:00,0-0-0,0-0-0,0-0-0,0-0-0,0-0-0,0-0-0,0-0-0,0-0-0,0-0-0,0-0-0,    0.000,    0.000,    0.000,127.0.0.1,0/0,1,2025-01-14 13:40:01.371
2025-01-14 13:34:12,2025-01-14 13:34:12,0.000,172.20.10.2,160.173.175.82,0,0,ICMP,........,0,0,1,1028,0,0,0,0,0,0,0,0,0,0,0.0.0.0,0.0.0.0,0,0,00:00:00:00:00:00,00:00:00:00:00:00,00:00:00:00:00:00,00:00:00:00:00:00,0-0-0,0-0-0,0-0-0,0-0-0,0-0-0,0-0-0,0-0-0,0-0-0,0-0-0,0-0-0,    0.000,    0.000,    0.000,127.0.0.1,0/0,1,2025-01-14 13:40:01.371
2025-01-14 13:34:12,2025-01-14 13:34:12,0.000,58.192.71.109,172.20.10.2,0,2048,ICMP,........,0,0,1,1028,0,0,0,0,0,0,0,0,0,0,0.0.0.0,0.0.0.0,0,0,00:00:00:00:00:00,00:00:00:00:00:00,00:00:00:00:00:00,00:00:00:00:00:00,0-0-0,0-0-0,0-0-0,0-0-0,0-0-0,0-0-0,0-0-0,0-0-0,0-0-0,0-0-0,    0.000,    0.000,    0.000,127.0.0.1,0/0,1,2025-01-14 13:40:01.371
2025-01-14 13:34:12,2025-01-14 13:34:12,0.000,172.20.10.2,58.192.71.109,0,0,ICMP,........,0,0,1,1028,0,0,0,0,0,0,0,0,0,0,0.0.0.0,0.0.0.0,0,0,00:00:00:00:00:00,00:00:00:00:00:00,00:00:00:00:00:00,00:00:00:00:00:00,0-0-0,0-0-0,0-0-0,0-0-0,0-0-0,0-0-0,0-0-0,0-0-0,0-0-0,0-0-0,    0.000,    0.000,    0.000,127.0.0.1,0/0,1,2025-01-14 13:40:01.371
2025-01-14 13:34:12,2025-01-14 13:34:12,0.000,219.167.134.178,172.20.10.2,0,2048,ICMP,........,0,0,1,1028,0,0,0,0,0,0,0,0,0,0,0.0.0.0,0.0.0.0,0,0,00:00:00:00:00:00,00:00:00:00:00:00,00:00:00:00:00:00,00:00:00:00:00:00,0-0-0,0-0-0,0-0-0,0-0-0,0-0-0,0-0-0,0-0-0,0-0-0,0-0-0,0-0-0,    0.000,    0.000,    0.000,127.0.0.1,0/0,1,2025-01-14 13:40:01.371
2025-01-14 13:34:12,2025-01-14 13:34:12,0.000,172.20.10.2,219.167.134.178,0,0,ICMP,........,0,0,1,1028,0,0,0,0,0,0,0,0,0,0,0.0.0.0,0.0.0.0,0,0,00:00:00:00:00:00,00:00:00:00:00:00,00:00:00:00:00:00,00:00:00:00:00:00,0-0-0,0-0-0,0-0-0,0-0-0,0-0-0,0-0-0,0-0-0,0-0-0,0-0-0,0-0-0,    0.000,    0.000,    0.000,127.0.0.1,0/0,1,2025-01-14 13:40:01.371
2025-01-14 13:34:12,2025-01-14 13:34:12,0.000,129.225.26.46,172.20.10.2,0,2048,ICMP,........,0,0,1,1028,0,0,0,0,0,0,0,0,0,0,0.0.0.0,0.0.0.0,0,0,00:00:00:00:00:00,00:00:00:00:00:00,00:00:00:00:00:00,00:00:00:00:00:00,0-0-0,0-0-0,0-0-0,0-0-0,0-0-0,0-0-0,0-0-0,0-0-0,0-0-0,0-0-0,    0.000,    0.000,    0.000,127.0.0.1,0/0,1,2025-01-14 13:40:01.371
2025-01-14 13:34:12,2025-01-14 13:34:12,0.000,172.20.10.2,129.225.26.46,0,0,ICMP,........,0,0,1,1028,0,0,0,0,0,0,0,0,0,0,0.0.0.0,0.0.0.0,0,0,00:00:00:00:00:00,00:00:00:00:00:00,00:00:00:00:00:00,00:00:00:00:00:00,0-0-0,0-0-0,0-0-0,0-0-0,0-0-0,0-0-0,0-0-0,0-0-0,0-0-0,0-0-0,    0.000,    0.000,    0.000,127.0.0.1,0/0,1,2025-01-14 13:40:01.371
2025-01-14 13:34:12,2025-01-14 13:34:12,0.000,17.103.118.170,172.20.10.2,0,2048,ICMP,........,0,0,1,1028,0,0,0,0,0,0,0,0,0,0,0.0.0.0,0.0.0.0,0,0,00:00:00:00:00:00,00:00:00:00:00:00,00:00:00:00:00:00,00:00:00:00:00:00,0-0-0,0-0-0,0-0-0,0-0-0,0-0-0,0-0-0,0-0-0,0-0-0,0-0-0,0-0-0,    0.000,    0.000,    0.000,127.0.0.1,0/0,1,2025-01-14 13:40:01.371
2025-01-14 13:34:12,2025-01-14 13:34:12,0.000,172.20.10.2,17.103.118.170,0,0,ICMP,........,0,0,1,1028,0,0,0,0,0,0,0,0,0,0,0.0.0.0,0.0.0.0,0,0,00:00:00:00:00:00,00:00:00:00:00:00,00:00:00:00:00:00,00:00:00:00:00:00,0-0-0,0-0-0,0-0-0,0-0-0,0-0-0,0-0-0,0-0-0,0-0-0,0-0-0,0-0-0,    0.000,    0.000,    0.000,127.0.0.1,0/0,1,2025-01-14 13:40:01.375
2025-01-14 13:34:12,2025-01-14 13:34:12,0.000,206.95.249.191,172.20.10.2,0,2048,ICMP,........,0,0,1,1028,0,0,0,0,0,0,0,0,0,0,0.0.0.0,0.0.0.0,0,0,00:00:00:00:00:00,00:00:00:00:00:00,00:00:00:00:00:00,00:00:00:00:00:00,0-0-0,0-0-0,0-0-0,0-0-0,0-0-0,0-0-0,0-0-0,0-0-0,0-0-0,0-0-0,    0.000,    0.000,    0.000,127.0.0.1,0/0,1,2025-01-14 13:40:01.375
2025-01-14 13:34:12,2025-01-14 13:34:12,0.000,172.20.10.2,206.95.249.191,0,0,ICMP,........,0,0,1,1028,0,0,0,0,0,0,0,0,0,0,0.0.0.0,0.0.0.0,0,0,00:00:00:00:00:00,00:00:00:00:00:00,00:00:00:00:00:00,00:00:00:00:00:00,0-0-0,0-0-0,0-0-0,0-0-0,0-0-0,0-0-0,0-0-0,0-0-0,0-0-0,0-0-0,    0.000,    0.000,    0.000,127.0.0.1,0/0,1,2025-01-14 13:40:01.375
2025-01-14 13:34:12,2025-01-14 13:34:12,0.000,230.55.146.68,172.20.10.2,0,2048,ICMP,........,0,0,1,1028,0,0,0,0,0,0,0,0,0,0,0.0.0.0,0.0.0.0,0,0,00:00:00:00:00:00,00:00:00:00:00:00,00:00:00:00:00:00,00:00:00:00:00:00,0-0-0,0-0-0,0-0-0,0-0-0,0-0-0,0-0-0,0-0-0,0-0-0,0-0-0,0-0-0,    0.000,    0.000,    0.000,127.0.0.1,0/0,1,2025-01-14 13:40:01.375
2025-01-14 13:34:12,2025-01-14 13:34:12,0.000,130.214.78.236,172.20.10.2,0,2048,ICMP,........,0,0,1,1028,0,0,0,0,0,0,0,0,0,0,0.0.0.0,0.0.0.0,0,0,00:00:00:00:00:00,00:00:00:00:00:00,00:00:00:00:00:00,00:00:00:00:00:00,0-0-0,0-0-0,0-0-0,0-0-0,0-0-0,0-0-0,0-0-0,0-0-0,0-0-0,0-0-0,    0.000,    0.000,    0.000,127.0.0.1,0/0,1,2025-01-14 13:40:01.375
2025-01-14 13:34:12,2025-01-14 13:34:12,0.000,172.20.10.2,130.214.78.236,0,0,ICMP,........,0,0,1,1028,0,0,0,0,0,0,0,0,0,0,0.0.0.0,0.0.0.0,0,0,00:00:00:00:00:00,00:00:00:00:00:00,00:00:00:00:00:00,00:00:00:00:00:00,0-0-0,0-0-0,0-0-0,0-0-0,0-0-0,0-0-0,0-0-0,0-0-0,0-0-0,0-0-0,    0.000,    0.000,    0.000,127.0.0.1,0/0,1,2025-01-14 13:40:01.375
2025-01-14 13:34:13,2025-01-14 13:34:13,0.000,87.243.147.96,172.20.10.2,0,2048,ICMP,........,0,0,1,1028,0,0,0,0,0,0,0,0,0,0,0.0.0.0,0.0.0.0,0,0,00:00:00:00:00:00,00:00:00:00:00:00,00:00:00:00:00:00,00:00:00:00:00:00,0-0-0,0-0-0,0-0-0,0-0-0,0-0-0,0-0-0,0-0-0,0-0-0,0-0-0,0-0-0,    0.000,    0.000,    0.000,127.0.0.1,0/0,1,2025-01-14 13:40:01.375
2025-01-14 13:34:13,2025-01-14 13:34:13,0.000,172.20.10.2,87.243.147.96,0,0,ICMP,........,0,0,1,1028,0,0,0,0,0,0,0,0,0,0,0.0.0.0,0.0.0.0,0,0,00:00:00:00:00:00,00:00:00:00:00:00,00:00:00:00:00:00,00:00:00:00:00:00,0-0-0,0-0-0,0-0-0,0-0-0,0-0-0,0-0-0,0-0-0,0-0-0,0-0-0,0-0-0,    0.000,    0.000,    0.000,127.0.0.1,0/0,1,2025-01-14 13:40:01.375
2025-01-14 13:34:13,2025-01-14 13:34:13,0.000,192.66.91.129,172.20.10.2,0,2048,ICMP,........,0,0,1,1028,0,0,0,0,0,0,0,0,0,0,0.0.0.0,0.0.0.0,0,0,00:00:00:00:00:00,00:00:00:00:00:00,00:00:00:00:00:00,00:00:00:00:00:00,0-0-0,0-0-0,0-0-0,0-0-0,0-0-0,0-0-0,0-0-0,0-0-0,0-0-0,0-0-0,    0.000,    0.000,    0.000,127.0.0.1,0/0,1,2025-01-14 13:40:01.375
2025-01-14 13:34:13,2025-01-14 13:34:13,0.000,172.20.10.2,192.66.91.129,0,0,ICMP,........,0,0,1,1028,0,0,0,0,0,0,0,0,0,0,0.0.0.0,0.0.0.0,0,0,00:00:00:00:00:00,00:00:00:00:00:00,00:00:00:00:00:00,00:00:00:00:00:00,0-0-0,0-0-0,0-0-0,0-0-0,0-0-0,0-0-0,0-0-0,0-0-0,0-0-0,0-0-0,    0.000,    0.000,    0.000,127.0.0.1,0/0,1,2025-01-14 13:40:01.375
2025-01-14 13:34:13,2025-01-14 13:34:13,0.000,79.178.236.46,172.20.10.2,0,2048,ICMP,........,0,0,1,1028,0,0,0,0,0,0,0,0,0,0,0.0.0.0,0.0.0.0,0,0,00:00:00:00:00:00,00:00:00:00:00:00,00:00:00:00:00:00,00:00:00:00:00:00,0-0-0,0-0-0,0-0-0,0-0-0,0-0-0,0-0-0,0-0-0,0-0-0,0-0-0,0-0-0,    0.000,    0.000,    0.000,127.0.0.1,0/0,1,2025-01-14 13:40:01.375
2025-01-14 13:34:13,2025-01-14 13:34:13,0.000,172.20.10.2,79.178.236.46,0,0,ICMP,........,0,0,1,1028,0,0,0,0,0,0,0,0,0,0,0.0.0.0,0.0.0.0,0,0,00:00:00:00:00:00,00:00:00:00:00:00,00:00:00:00:00:00,00:00:00:00:00:00,0-0-0,0-0-0,0-0-0,0-0-0,0-0-0,0-0-0,0-0-0,0-0-0,0-0-0,0-0-0,    0.000,    0.000,    0.000,127.0.0.1,0/0,1,2025-01-14 13:40:01.375
2025-01-14 13:34:13,2025-01-14 13:34:13,0.000,167.13.128.230,172.20.10.2,0,2048,ICMP,........,0,0,1,1028,0,0,0,0,0,0,0,0,0,0,0.0.0.0,0.0.0.0,0,0,00:00:00:00:00:00,00:00:00:00:00:00,00:00:00:00:00:00,00:00:00:00:00:00,0-0-0,0-0-0,0-0-0,0-0-0,0-0-0,0-0-0,0-0-0,0-0-0,0-0-0,0-0-0,    0.000,    0.000,    0.000,127.0.0.1,0/0,1,2025-01-14 13:40:01.375
2025-01-14 13:34:13,2025-01-14 13:34:13,0.000,172.20.10.2,167.13.128.230,0,0,ICMP,........,0,0,1,1028,0,0,0,0,0,0,0,0,0,0,0.0.0.0,0.0.0.0,0,0,00:00:00:00:00:00,00:00:00:00:00:00,00:00:00:00:00:00,00:00:00:00:00:00,0-0-0,0-0-0,0-0-0,0-0-0,0-0-0,0-0-0,0-0-0,0-0-0,0-0-0,0-0-0,    0.000,    0.000,    0.000,127.0.0.1,0/0,1,2025-01-14 13:40:01.375
2025-01-14 13:34:13,2025-01-14 13:34:13,0.000,107.22.188.21,172.20.10.2,0,2048,ICMP,........,0,0,1,1028,0,0,0,0,0,0,0,0,0,0,0.0.0.0,0.0.0.0,0,0,00:00:00:00:00:00,00:00:00:00:00:00,00:00:00:00:00:00,00:00:00:00:00:00,0-0-0,0-0-0,0-0-0,0-0-0,0-0-0,0-0-0,0-0-0,0-0-0,0-0-0,0-0-0,    0.000,    0.000,    0.000,127.0.0.1,0/0,1,2025-01-14 13:40:01.375
2025-01-14 13:34:13,2025-01-14 13:34:13,0.000,172.20.10.2,107.22.188.21,0,0,ICMP,........,0,0,1,1028,0,0,0,0,0,0,0,0,0,0,0.0.0.0,0.0.0.0,0,0,00:00:00:00:00:00,00:00:00:00:00:00,00:00:00:00:00:00,00:00:00:00:00:00,0-0-0,0-0-0,0-0-0,0-0-0,0-0-0,0-0-0,0-0-0,0-0-0,0-0-0,0-0-0,    0.000,    0.000,    0.000,127.0.0.1,0/0,1,2025-01-14 13:40:01.375
2025-01-14 13:34:13,2025-01-14 13:34:13,0.000,247.21.85.63,172.20.10.2,0,2048,ICMP,........,0,0,1,1028,0,0,0,0,0,0,0,0,0,0,0.0.0.0,0.0.0.0,0,0,00:00:00:00:00:00,00:00:00:00:00:00,00:00:00:00:00:00,00:00:00:00:00:00,0-0-0,0-0-0,0-0-0,0-0-0,0-0-0,0-0-0,0-0-0,0-0-0,0-0-0,0-0-0,    0.000,    0.000,    0.000,127.0.0.1,0/0,1,2025-01-14 13:40:01.375
2025-01-14 13:34:13,2025-01-14 13:34:13,0.000,172.20.10.2,247.21.85.63,0,0,ICMP,........,0,0,1,1028,0,0,0,0,0,0,0,0,0,0,0.0.0.0,0.0.0.0,0,0,00:00:00:00:00:00,00:00:00:00:00:00,00:00:00:00:00:00,00:00:00:00:00:00,0-0-0,0-0-0,0-0-0,0-0-0,0-0-0,0-0-0,0-0-0,0-0-0,0-0-0,0-0-0,    0.000,    0.000,    0.000,127.0.0.1,0/0,1,2025-01-14 13:40:01.375
2025-01-14 13:34:13,2025-01-14 13:34:13,0.000,43.214.154.34,172.20.10.2,0,2048,ICMP,........,0,0,1,1028,0,0,0,0,0,0,0,0,0,0,0.0.0.0,0.0.0.0,0,0,00:00:00:00:00:00,00:00:00:00:00:00,00:00:00:00:00:00,00:00:00:00:00:00,0-0-0,0-0-0,0-0-0,0-0-0,0-0-0,0-0-0,0-0-0,0-0-0,0-0-0,0-0-0,    0.000,    0.000,    0.000,127.0.0.1,0/0,1,2025-01-14 13:40:01.375
2025-01-14 13:34:13,2025-01-14 13:34:13,0.000,172.20.10.2,43.214.154.34,0,0,ICMP,........,0,0,1,1028,0,0,0,0,0,0,0,0,0,0,0.0.0.0,0.0.0.0,0,0,00:00:00:00:00:00,00:00:00:00:00:00,00:00:00:00:00:00,00:00:00:00:00:00,0-0-0,0-0-0,0-0-0,0-0-0,0-0-0,0-0-0,0-0-0,0-0-0,0-0-0,0-0-0,    0.000,    0.000,    0.000,127.0.0.1,0/0,1,2025-01-14 13:40:01.375
2025-01-14 13:34:13,2025-01-14 13:34:13,0.000,24.81.250.80,172.20.10.2,0,2048,ICMP,........,0,0,1,1028,0,0,0,0,0,0,0,0,0,0,0.0.0.0,0.0.0.0,0,0,00:00:00:00:00:00,00:00:00:00:00:00,00:00:00:00:00:00,00:00:00:00:00:00,0-0-0,0-0-0,0-0-0,0-0-0,0-0-0,0-0-0,0-0-0,0-0-0,0-0-0,0-0-0,    0.000,    0.000,    0.000,127.0.0.1,0/0,1,2025-01-14 13:40:01.375
2025-01-14 13:34:13,2025-01-14 13:34:13,0.000,172.20.10.2,24.81.250.80,0,0,ICMP,........,0,0,1,1028,0,0,0,0,0,0,0,0,0,0,0.0.0.0,0.0.0.0,0,0,00:00:00:00:00:00,00:00:00:00:00:00,00:00:00:00:00:00,00:00:00:00:00:00,0-0-0,0-0-0,0-0-0,0-0-0,0-0-0,0-0-0,0-0-0,0-0-0,0-0-0,0-0-0,    0.000,    0.000,    0.000,127.0.0.1,0/0,1,2025-01-14 13:40:01.375
2025-01-14 13:34:13,2025-01-14 13:34:13,0.000,185.175.99.241,172.20.10.2,0,2048,ICMP,........,0,0,1,1028,0,0,0,0,0,0,0,0,0,0,0.0.0.0,0.0.0.0,0,0,00:00:00:00:00:00,00:00:00:00:00:00,00:00:00:00:00:00,00:00:00:00:00:00,0-0-0,0-0-0,0-0-0,0-0-0,0-0-0,0-0-0,0-0-0,0-0-0,0-0-0,0-0-0,    0.000,    0.000,    0.000,127.0.0.1,0/0,1,2025-01-14 13:40:01.375
2025-01-14 13:34:13,2025-01-14 13:34:13,0.000,172.20.10.2,185.175.99.241,0,0,ICMP,........,0,0,1,1028,0,0,0,0,0,0,0,0,0,0,0.0.0.0,0.0.0.0,0,0,00:00:00:00:00:00,00:00:00:00:00:00,00:00:00:00:00:00,00:00:00:00:00:00,0-0-0,0-0-0,0-0-0,0-0-0,0-0-0,0-0-0,0-0-0,0-0-0,0-0-0,0-0-0,    0.000,    0.000,    0.000,127.0.0.1,0/0,1,2025-01-14 13:40:01.375
2025-01-14 13:34:13,2025-01-14 13:34:13,0.000,214.21.228.51,172.20.10.2,0,2048,ICMP,........,0,0,1,1028,0,0,0,0,0,0,0,0,0,0,0.0.0.0,0.0.0.0,0,0,00:00:00:00:00:00,00:00:00:00:00:00,00:00:00:00:00:00,00:00:00:00:00:00,0-0-0,0-0-0,0-0-0,0-0-0,0-0-0,0-0-0,0-0-0,0-0-0,0-0-0,0-0-0,    0.000,    0.000,    0.000,127.0.0.1,0/0,1,2025-01-14 13:40:01.375
2025-01-14 13:34:13,2025-01-14 13:34:13,0.000,172.20.10.2,214.21.228.51,0,0,ICMP,........,0,0,1,1028,0,0,0,0,0,0,0,0,0,0,0.0.0.0,0.0.0.0,0,0,00:00:00:00:00:00,00:00:00:00:00:00,00:00:00:00:00:00,00:00:00:00:00:00,0-0-0,0-0-0,0-0-0,0-0-0,0-0-0,0-0-0,0-0-0,0-0-0,0-0-0,0-0-0,    0.000,    0.000,    0.000,127.0.0.1,0/0,1,2025-01-14 13:40:01.375
2025-01-14 13:34:13,2025-01-14 13:34:13,0.000,175.105.244.189,172.20.10.2,0,2048,ICMP,........,0,0,1,1028,0,0,0,0,0,0,0,0,0,0,0.0.0.0,0.0.0.0,0,0,00:00:00:00:00:00,00:00:00:00:00:00,00:00:00:00:00:00,00:00:00:00:00:00,0-0-0,0-0-0,0-0-0,0-0-0,0-0-0,0-0-0,0-0-0,0-0-0,0-0-0,0-0-0,    0.000,    0.000,    0.000,127.0.0.1,0/0,1,2025-01-14 13:40:01.375
2025-01-14 13:34:13,2025-01-14 13:34:13,0.000,172.20.10.2,175.105.244.189,0,0,ICMP,........,0,0,1,1028,0,0,0,0,0,0,0,0,0,0,0.0.0.0,0.0.0.0,0,0,00:00:00:00:00:00,00:00:00:00:00:00,00:00:00:00:00:00,00:00:00:00:00:00,0-0-0,0-0-0,0-0-0,0-0-0,0-0-0,0-0-0,0-0-0,0-0-0,0-0-0,0-0-0,    0.000,    0.000,    0.000,127.0.0.1,0/0,1,2025-01-14 13:40:01.375
2025-01-14 13:34:13,2025-01-14 13:34:13,0.000,171.83.203.115,172.20.10.2,0,2048,ICMP,........,0,0,1,1028,0,0,0,0,0,0,0,0,0,0,0.0.0.0,0.0.0.0,0,0,00:00:00:00:00:00,00:00:00:00:00:00,00:00:00:00:00:00,00:00:00:00:00:00,0-0-0,0-0-0,0-0-0,0-0-0,0-0-0,0-0-0,0-0-0,0-0-0,0-0-0,0-0-0,    0.000,    0.000,    0.000,127.0.0.1,0/0,1,2025-01-14 13:40:01.375
2025-01-14 13:34:13,2025-01-14 13:34:13,0.000,172.20.10.2,171.83.203.115,0,0,ICMP,........,0,0,1,1028,0,0,0,0,0,0,0,0,0,0,0.0.0.0,0.0.0.0,0,0,00:00:00:00:00:00,00:00:00:00:00:00,00:00:00:00:00:00,00:00:00:00:00:00,0-0-0,0-0-0,0-0-0,0-0-0,0-0-0,0-0-0,0-0-0,0-0-0,0-0-0,0-0-0,    0.000,    0.000,    0.000,127.0.0.1,0/0,1,2025-01-14 13:40:01.378
2025-01-14 13:34:13,2025-01-14 13:34:13,0.000,83.158.111.93,172.20.10.2,0,2048,ICMP,........,0,0,1,1028,0,0,0,0,0,0,0,0,0,0,0.0.0.0,0.0.0.0,0,0,00:00:00:00:00:00,00:00:00:00:00:00,00:00:00:00:00:00,00:00:00:00:00:00,0-0-0,0-0-0,0-0-0,0-0-0,0-0-0,0-0-0,0-0-0,0-0-0,0-0-0,0-0-0,    0.000,    0.000,    0.000,127.0.0.1,0/0,1,2025-01-14 13:40:01.378
2025-01-14 13:34:13,2025-01-14 13:34:13,0.000,172.20.10.2,83.158.111.93,0,0,ICMP,........,0,0,1,1028,0,0,0,0,0,0,0,0,0,0,0.0.0.0,0.0.0.0,0,0,00:00:00:00:00:00,00:00:00:00:00:00,00:00:00:00:00:00,00:00:00:00:00:00,0-0-0,0-0-0,0-0-0,0-0-0,0-0-0,0-0-0,0-0-0,0-0-0,0-0-0,0-0-0,    0.000,    0.000,    0.000,127.0.0.1,0/0,1,2025-01-14 13:40:01.378
2025-01-14 13:34:13,2025-01-14 13:34:13,0.000,186.12.175.233,172.20.10.2,0,2048,ICMP,........,0,0,1,1028,0,0,0,0,0,0,0,0,0,0,0.0.0.0,0.0.0.0,0,0,00:00:00:00:00:00,00:00:00:00:00:00,00:00:00:00:00:00,00:00:00:00:00:00,0-0-0,0-0-0,0-0-0,0-0-0,0-0-0,0-0-0,0-0-0,0-0-0,0-0-0,0-0-0,    0.000,    0.000,    0.000,127.0.0.1,0/0,1,2025-01-14 13:40:01.378
2025-01-14 13:34:13,2025-01-14 13:34:13,0.000,172.20.10.2,186.12.175.233,0,0,ICMP,........,0,0,1,1028,0,0,0,0,0,0,0,0,0,0,0.0.0.0,0.0.0.0,0,0,00:00:00:00:00:00,00:00:00:00:00:00,00:00:00:00:00:00,00:00:00:00:00:00,0-0-0,0-0-0,0-0-0,0-0-0,0-0-0,0-0-0,0-0-0,0-0-0,0-0-0,0-0-0,    0.000,    0.000,    0.000,127.0.0.1,0/0,1,2025-01-14 13:40:01.378
2025-01-14 13:34:13,2025-01-14 13:34:13,0.000,189.235.121.148,172.20.10.2,0,2048,ICMP,........,0,0,1,1028,0,0,0,0,0,0,0,0,0,0,0.0.0.0,0.0.0.0,0,0,00:00:00:00:00:00,00:00:00:00:00:00,00:00:00:00:00:00,00:00:00:00:00:00,0-0-0,0-0-0,0-0-0,0-0-0,0-0-0,0-0-0,0-0-0,0-0-0,0-0-0,0-0-0,    0.000,    0.000,    0.000,127.0.0.1,0/0,1,2025-01-14 13:40:01.378
2025-01-14 13:34:13,2025-01-14 13:34:13,0.000,172.20.10.2,189.235.121.148,0,0,ICMP,........,0,0,1,1028,0,0,0,0,0,0,0,0,0,0,0.0.0.0,0.0.0.0,0,0,00:00:00:00:00:00,00:00:00:00:00:00,00:00:00:00:00:00,00:00:00:00:00:00,0-0-0,0-0-0,0-0-0,0-0-0,0-0-0,0-0-0,0-0-0,0-0-0,0-0-0,0-0-0,    0.000,    0.000,    0.000,127.0.0.1,0/0,1,2025-01-14 13:40:01.378
2025-01-14 13:34:13,2025-01-14 13:34:13,0.000,163.144.181.46,172.20.10.2,0,2048,ICMP,........,0,0,1,1028,0,0,0,0,0,0,0,0,0,0,0.0.0.0,0.0.0.0,0,0,00:00:00:00:00:00,00:00:00:00:00:00,00:00:00:00:00:00,00:00:00:00:00:00,0-0-0,0-0-0,0-0-0,0-0-0,0-0-0,0-0-0,0-0-0,0-0-0,0-0-0,0-0-0,    0.000,    0.000,    0.000,127.0.0.1,0/0,1,2025-01-14 13:40:01.378
2025-01-14 13:34:13,2025-01-14 13:34:13,0.000,172.20.10.2,163.144.181.46,0,0,ICMP,........,0,0,1,1028,0,0,0,0,0,0,0,0,0,0,0.0.0.0,0.0.0.0,0,0,00:00:00:00:00:00,00:00:00:00:00:00,00:00:00:00:00:00,00:00:00:00:00:00,0-0-0,0-0-0,0-0-0,0-0-0,0-0-0,0-0-0,0-0-0,0-0-0,0-0-0,0-0-0,    0.000,    0.000,    0.000,127.0.0.1,0/0,1,2025-01-14 13:40:01.378
2025-01-14 13:34:13,2025-01-14 13:34:13,0.000,95.59.95.180,172.20.10.2,0,2048,ICMP,........,0,0,1,1028,0,0,0,0,0,0,0,0,0,0,0.0.0.0,0.0.0.0,0,0,00:00:00:00:00:00,00:00:00:00:00:00,00:00:00:00:00:00,00:00:00:00:00:00,0-0-0,0-0-0,0-0-0,0-0-0,0-0-0,0-0-0,0-0-0,0-0-0,0-0-0,0-0-0,    0.000,    0.000,    0.000,127.0.0.1,0/0,1,2025-01-14 13:40:01.378
2025-01-14 13:34:13,2025-01-14 13:34:13,0.000,172.20.10.2,95.59.95.180,0,0,ICMP,........,0,0,1,1028,0,0,0,0,0,0,0,0,0,0,0.0.0.0,0.0.0.0,0,0,00:00:00:00:00:00,00:00:00:00:00:00,00:00:00:00:00:00,00:00:00:00:00:00,0-0-0,0-0-0,0-0-0,0-0-0,0-0-0,0-0-0,0-0-0,0-0-0,0-0-0,0-0-0,    0.000,    0.000,    0.000,127.0.0.1,0/0,1,2025-01-14 13:40:01.378
2025-01-14 13:34:13,2025-01-14 13:34:13,0.000,7.155.157.50,172.20.10.2,0,2048,ICMP,........,0,0,1,1028,0,0,0,0,0,0,0,0,0,0,0.0.0.0,0.0.0.0,0,0,00:00:00:00:00:00,00:00:00:00:00:00,00:00:00:00:00:00,00:00:00:00:00:00,0-0-0,0-0-0,0-0-0,0-0-0,0-0-0,0-0-0,0-0-0,0-0-0,0-0-0,0-0-0,    0.000,    0.000,    0.000,127.0.0.1,0/0,1,2025-01-14 13:40:01.378
2025-01-14 13:34:13,2025-01-14 13:34:13,0.000,172.20.10.2,7.155.157.50,0,0,ICMP,........,0,0,1,1028,0,0,0,0,0,0,0,0,0,0,0.0.0.0,0.0.0.0,0,0,00:00:00:00:00:00,00:00:00:00:00:00,00:00:00:00:00:00,00:00:00:00:00:00,0-0-0,0-0-0,0-0-0,0-0-0,0-0-0,0-0-0,0-0-0,0-0-0,0-0-0,0-0-0,    0.000,    0.000,    0.000,127.0.0.1,0/0,1,2025-01-14 13:40:01.378
2025-01-14 13:34:13,2025-01-14 13:34:13,0.000,233.247.123.139,172.20.10.2,0,2048,ICMP,........,0,0,1,1028,0,0,0,0,0,0,0,0,0,0,0.0.0.0,0.0.0.0,0,0,00:00:00:00:00:00,00:00:00:00:00:00,00:00:00:00:00:00,00:00:00:00:00:00,0-0-0,0-0-0,0-0-0,0-0-0,0-0-0,0-0-0,0-0-0,0-0-0,0-0-0,0-0-0,    0.000,    0.000,    0.000,127.0.0.1,0/0,1,2025-01-14 13:40:01.378
2025-01-14 13:34:13,2025-01-14 13:34:13,0.000,170.62.228.113,172.20.10.2,0,2048,ICMP,........,0,0,1,1028,0,0,0,0,0,0,0,0,0,0,0.0.0.0,0.0.0.0,0,0,00:00:00:00:00:00,00:00:00:00:00:00,00:00:00:00:00:00,00:00:00:00:00:00,0-0-0,0-0-0,0-0-0,0-0-0,0-0-0,0-0-0,0-0-0,0-0-0,0-0-0,0-0-0,    0.000,    0.000,    0.000,127.0.0.1,0/0,1,2025-01-14 13:40:01.378
2025-01-14 13:34:13,2025-01-14 13:34:13,0.000,172.20.10.2,170.62.228.113,0,0,ICMP,........,0,0,1,1028,0,0,0,0,0,0,0,0,0,0,0.0.0.0,0.0.0.0,0,0,00:00:00:00:00:00,00:00:00:00:00:00,00:00:00:00:00:00,00:00:00:00:00:00,0-0-0,0-0-0,0-0-0,0-0-0,0-0-0,0-0-0,0-0-0,0-0-0,0-0-0,0-0-0,    0.000,    0.000,    0.000,127.0.0.1,0/0,1,2025-01-14 13:40:01.378
2025-01-14 13:34:13,2025-01-14 13:34:13,0.000,126.254.212.96,172.20.10.2,0,2048,ICMP,........,0,0,1,1028,0,0,0,0,0,0,0,0,0,0,0.0.0.0,0.0.0.0,0,0,00:00:00:00:00:00,00:00:00:00:00:00,00:00:00:00:00:00,00:00:00:00:00:00,0-0-0,0-0-0,0-0-0,0-0-0,0-0-0,0-0-0,0-0-0,0-0-0,0-0-0,0-0-0,    0.000,    0.000,    0.000,127.0.0.1,0/0,1,2025-01-14 13:40:01.378
2025-01-14 13:34:13,2025-01-14 13:34:13,0.000,172.20.10.2,126.254.212.96,0,0,ICMP,........,0,0,1,1028,0,0,0,0,0,0,0,0,0,0,0.0.0.0,0.0.0.0,0,0,00:00:00:00:00:00,00:00:00:00:00:00,00:00:00:00:00:00,00:00:00:00:00:00,0-0-0,0-0-0,0-0-0,0-0-0,0-0-0,0-0-0,0-0-0,0-0-0,0-0-0,0-0-0,    0.000,    0.000,    0.000,127.0.0.1,0/0,1,2025-01-14 13:40:01.378
2025-01-14 13:34:13,2025-01-14 13:34:13,0.000,119.76.135.122,172.20.10.2,0,2048,ICMP,........,0,0,1,1028,0,0,0,0,0,0,0,0,0,0,0.0.0.0,0.0.0.0,0,0,00:00:00:00:00:00,00:00:00:00:00:00,00:00:00:00:00:00,00:00:00:00:00:00,0-0-0,0-0-0,0-0-0,0-0-0,0-0-0,0-0-0,0-0-0,0-0-0,0-0-0,0-0-0,    0.000,    0.000,    0.000,127.0.0.1,0/0,1,2025-01-14 13:40:01.378
2025-01-14 13:34:13,2025-01-14 13:34:13,0.000,172.20.10.2,119.76.135.122,0,0,ICMP,........,0,0,1,1028,0,0,0,0,0,0,0,0,0,0,0.0.0.0,0.0.0.0,0,0,00:00:00:00:00:00,00:00:00:00:00:00,00:00:00:00:00:00,00:00:00:00:00:00,0-0-0,0-0-0,0-0-0,0-0-0,0-0-0,0-0-0,0-0-0,0-0-0,0-0-0,0-0-0,    0.000,    0.000,    0.000,127.0.0.1,0/0,1,2025-01-14 13:40:01.378
2025-01-14 13:34:13,2025-01-14 13:34:13,0.000,229.193.255.164,172.20.10.2,0,2048,ICMP,........,0,0,1,1028,0,0,0,0,0,0,0,0,0,0,0.0.0.0,0.0.0.0,0,0,00:00:00:00:00:00,00:00:00:00:00:00,00:00:00:00:00:00,00:00:00:00:00:00,0-0-0,0-0-0,0-0-0,0-0-0,0-0-0,0-0-0,0-0-0,0-0-0,0-0-0,0-0-0,    0.000,    0.000,    0.000,127.0.0.1,0/0,1,2025-01-14 13:40:01.378
2025-01-14 13:34:13,2025-01-14 13:34:13,0.000,179.208.152.166,172.20.10.2,0,2048,ICMP,........,0,0,1,1028,0,0,0,0,0,0,0,0,0,0,0.0.0.0,0.0.0.0,0,0,00:00:00:00:00:00,00:00:00:00:00:00,00:00:00:00:00:00,00:00:00:00:00:00,0-0-0,0-0-0,0-0-0,0-0-0,0-0-0,0-0-0,0-0-0,0-0-0,0-0-0,0-0-0,    0.000,    0.000,    0.000,127.0.0.1,0/0,1,2025-01-14 13:40:01.378
2025-01-14 13:34:13,2025-01-14 13:34:13,0.000,172.20.10.2,179.208.152.166,0,0,ICMP,........,0,0,1,1028,0,0,0,0,0,0,0,0,0,0,0.0.0.0,0.0.0.0,0,0,00:00:00:00:00:00,00:00:00:00:00:00,00:00:00:00:00:00,00:00:00:00:00:00,0-0-0,0-0-0,0-0-0,0-0-0,0-0-0,0-0-0,0-0-0,0-0-0,0-0-0,0-0-0,    0.000,    0.000,    0.000,127.0.0.1,0/0,1,2025-01-14 13:40:01.378
2025-01-14 13:34:13,2025-01-14 13:34:13,0.000,141.224.20.86,172.20.10.2,0,2048,ICMP,........,0,0,1,1028,0,0,0,0,0,0,0,0,0,0,0.0.0.0,0.0.0.0,0,0,00:00:00:00:00:00,00:00:00:00:00:00,00:00:00:00:00:00,00:00:00:00:00:00,0-0-0,0-0-0,0-0-0,0-0-0,0-0-0,0-0-0,0-0-0,0-0-0,0-0-0,0-0-0,    0.000,    0.000,    0.000,127.0.0.1,0/0,1,2025-01-14 13:40:01.378
2025-01-14 13:34:13,2025-01-14 13:34:13,0.000,172.20.10.2,141.224.20.86,0,0,ICMP,........,0,0,1,1028,0,0,0,0,0,0,0,0,0,0,0.0.0.0,0.0.0.0,0,0,00:00:00:00:00:00,00:00:00:00:00:00,00:00:00:00:00:00,00:00:00:00:00:00,0-0-0,0-0-0,0-0-0,0-0-0,0-0-0,0-0-0,0-0-0,0-0-0,0-0-0,0-0-0,    0.000,    0.000,    0.000,127.0.0.1,0/0,1,2025-01-14 13:40:01.378
2025-01-14 13:34:13,2025-01-14 13:34:13,0.000,91.109.159.164,172.20.10.2,0,2048,ICMP,........,0,0,1,1028,0,0,0,0,0,0,0,0,0,0,0.0.0.0,0.0.0.0,0,0,00:00:00:00:00:00,00:00:00:00:00:00,00:00:00:00:00:00,00:00:00:00:00:00,0-0-0,0-0-0,0-0-0,0-0-0,0-0-0,0-0-0,0-0-0,0-0-0,0-0-0,0-0-0,    0.000,    0.000,    0.000,127.0.0.1,0/0,1,2025-01-14 13:40:01.378
2025-01-14 13:34:13,2025-01-14 13:34:13,0.000,172.20.10.2,91.109.159.164,0,0,ICMP,........,0,0,1,1028,0,0,0,0,0,0,0,0,0,0,0.0.0.0,0.0.0.0,0,0,00:00:00:00:00:00,00:00:00:00:00:00,00:00:00:00:00:00,00:00:00:00:00:00,0-0-0,0-0-0,0-0-0,0-0-0,0-0-0,0-0-0,0-0-0,0-0-0,0-0-0,0-0-0,    0.000,    0.000,    0.000,127.0.0.1,0/0,1,2025-01-14 13:40:01.378
2025-01-14 13:34:13,2025-01-14 13:34:13,0.000,142.207.118.130,172.20.10.2,0,2048,ICMP,........,0,0,1,1028,0,0,0,0,0,0,0,0,0,0,0.0.0.0,0.0.0.0,0,0,00:00:00:00:00:00,00:00:00:00:00:00,00:00:00:00:00:00,00:00:00:00:00:00,0-0-0,0-0-0,0-0-0,0-0-0,0-0-0,0-0-0,0-0-0,0-0-0,0-0-0,0-0-0,    0.000,    0.000,    0.000,127.0.0.1,0/0,1,2025-01-14 13:40:01.378
2025-01-14 13:34:13,2025-01-14 13:34:13,0.000,172.20.10.2,142.207.118.130,0,0,ICMP,........,0,0,1,1028,0,0,0,0,0,0,0,0,0,0,0.0.0.0,0.0.0.0,0,0,00:00:00:00:00:00,00:00:00:00:00:00,00:00:00:00:00:00,00:00:00:00:00:00,0-0-0,0-0-0,0-0-0,0-0-0,0-0-0,0-0-0,0-0-0,0-0-0,0-0-0,0-0-0,    0.000,    0.000,    0.000,127.0.0.1,0/0,1,2025-01-14 13:40:01.378
2025-01-14 13:34:13,2025-01-14 13:34:13,0.000,152.85.224.158,172.20.10.2,0,2048,ICMP,........,0,0,1,1028,0,0,0,0,0,0,0,0,0,0,0.0.0.0,0.0.0.0,0,0,00:00:00:00:00:00,00:00:00:00:00:00,00:00:00:00:00:00,00:00:00:00:00:00,0-0-0,0-0-0,0-0-0,0-0-0,0-0-0,0-0-0,0-0-0,0-0-0,0-0-0,0-0-0,    0.000,    0.000,    0.000,127.0.0.1,0/0,1,2025-01-14 13:40:01.384
2025-01-14 13:34:13,2025-01-14 13:34:13,0.000,172.20.10.2,152.85.224.158,0,0,ICMP,........,0,0,1,1028,0,0,0,0,0,0,0,0,0,0,0.0.0.0,0.0.0.0,0,0,00:00:00:00:00:00,00:00:00:00:00:00,00:00:00:00:00:00,00:00:00:00:00:00,0-0-0,0-0-0,0-0-0,0-0-0,0-0-0,0-0-0,0-0-0,0-0-0,0-0-0,0-0-0,    0.000,    0.000,    0.000,127.0.0.1,0/0,1,2025-01-14 13:40:01.384
2025-01-14 13:34:13,2025-01-14 13:34:13,0.000,187.22.213.150,172.20.10.2,0,2048,ICMP,........,0,0,1,1028,0,0,0,0,0,0,0,0,0,0,0.0.0.0,0.0.0.0,0,0,00:00:00:00:00:00,00:00:00:00:00:00,00:00:00:00:00:00,00:00:00:00:00:00,0-0-0,0-0-0,0-0-0,0-0-0,0-0-0,0-0-0,0-0-0,0-0-0,0-0-0,0-0-0,    0.000,    0.000,    0.000,127.0.0.1,0/0,1,2025-01-14 13:40:01.384
2025-01-14 13:34:13,2025-01-14 13:34:13,0.000,172.20.10.2,187.22.213.150,0,0,ICMP,........,0,0,1,1028,0,0,0,0,0,0,0,0,0,0,0.0.0.0,0.0.0.0,0,0,00:00:00:00:00:00,00:00:00:00:00:00,00:00:00:00:00:00,00:00:00:00:00:00,0-0-0,0-0-0,0-0-0,0-0-0,0-0-0,0-0-0,0-0-0,0-0-0,0-0-0,0-0-0,    0.000,    0.000,    0.000,127.0.0.1,0/0,1,2025-01-14 13:40:01.384
2025-01-14 13:34:13,2025-01-14 13:34:13,0.000,61.162.104.33,172.20.10.2,0,2048,ICMP,........,0,0,1,1028,0,0,0,0,0,0,0,0,0,0,0.0.0.0,0.0.0.0,0,0,00:00:00:00:00:00,00:00:00:00:00:00,00:00:00:00:00:00,00:00:00:00:00:00,0-0-0,0-0-0,0-0-0,0-0-0,0-0-0,0-0-0,0-0-0,0-0-0,0-0-0,0-0-0,    0.000,    0.000,    0.000,127.0.0.1,0/0,1,2025-01-14 13:40:01.384
2025-01-14 13:34:13,2025-01-14 13:34:13,0.000,172.20.10.2,61.162.104.33,0,0,ICMP,........,0,0,1,1028,0,0,0,0,0,0,0,0,0,0,0.0.0.0,0.0.0.0,0,0,00:00:00:00:00:00,00:00:00:00:00:00,00:00:00:00:00:00,00:00:00:00:00:00,0-0-0,0-0-0,0-0-0,0-0-0,0-0-0,0-0-0,0-0-0,0-0-0,0-0-0,0-0-0,    0.000,    0.000,    0.000,127.0.0.1,0/0,1,2025-01-14 13:40:01.384
2025-01-14 13:34:13,2025-01-14 13:34:13,0.000,171.140.103.197,172.20.10.2,0,2048,ICMP,........,0,0,1,1028,0,0,0,0,0,0,0,0,0,0,0.0.0.0,0.0.0.0,0,0,00:00:00:00:00:00,00:00:00:00:00:00,00:00:00:00:00:00,00:00:00:00:00:00,0-0-0,0-0-0,0-0-0,0-0-0,0-0-0,0-0-0,0-0-0,0-0-0,0-0-0,0-0-0,    0.000,    0.000,    0.000,127.0.0.1,0/0,1,2025-01-14 13:40:01.384
2025-01-14 13:34:13,2025-01-14 13:34:13,0.000,172.20.10.2,171.140.103.197,0,0,ICMP,........,0,0,1,1028,0,0,0,0,0,0,0,0,0,0,0.0.0.0,0.0.0.0,0,0,00:00:00:00:00:00,00:00:00:00:00:00,00:00:00:00:00:00,00:00:00:00:00:00,0-0-0,0-0-0,0-0-0,0-0-0,0-0-0,0-0-0,0-0-0,0-0-0,0-0-0,0-0-0,    0.000,    0.000,    0.000,127.0.0.1,0/0,1,2025-01-14 13:40:01.384
2025-01-14 13:34:13,2025-01-14 13:34:13,0.000,82.119.1.88,172.20.10.2,0,2048,ICMP,........,0,0,1,1028,0,0,0,0,0,0,0,0,0,0,0.0.0.0,0.0.0.0,0,0,00:00:00:00:00:00,00:00:00:00:00:00,00:00:00:00:00:00,00:00:00:00:00:00,0-0-0,0-0-0,0-0-0,0-0-0,0-0-0,0-0-0,0-0-0,0-0-0,0-0-0,0-0-0,    0.000,    0.000,    0.000,127.0.0.1,0/0,1,2025-01-14 13:40:01.384
2025-01-14 13:34:13,2025-01-14 13:34:13,0.000,172.20.10.2,82.119.1.88,0,0,ICMP,........,0,0,1,1028,0,0,0,0,0,0,0,0,0,0,0.0.0.0,0.0.0.0,0,0,00:00:00:00:00:00,00:00:00:00:00:00,00:00:00:00:00:00,00:00:00:00:00:00,0-0-0,0-0-0,0-0-0,0-0-0,0-0-0,0-0-0,0-0-0,0-0-0,0-0-0,0-0-0,    0.000,    0.000,    0.000,127.0.0.1,0/0,1,2025-01-14 13:40:01.384
2025-01-14 13:34:13,2025-01-14 13:34:13,0.000,153.7.187.178,172.20.10.2,0,2048,ICMP,........,0,0,1,1028,0,0,0,0,0,0,0,0,0,0,0.0.0.0,0.0.0.0,0,0,00:00:00:00:00:00,00:00:00:00:00:00,00:00:00:00:00:00,00:00:00:00:00:00,0-0-0,0-0-0,0-0-0,0-0-0,0-0-0,0-0-0,0-0-0,0-0-0,0-0-0,0-0-0,    0.000,    0.000,    0.000,127.0.0.1,0/0,1,2025-01-14 13:40:01.384
2025-01-14 13:34:13,2025-01-14 13:34:13,0.000,172.20.10.2,153.7.187.178,0,0,ICMP,........,0,0,1,1028,0,0,0,0,0,0,0,0,0,0,0.0.0.0,0.0.0.0,0,0,00:00:00:00:00:00,00:00:00:00:00:00,00:00:00:00:00:00,00:00:00:00:00:00,0-0-0,0-0-0,0-0-0,0-0-0,0-0-0,0-0-0,0-0-0,0-0-0,0-0-0,0-0-0,    0.000,    0.000,    0.000,127.0.0.1,0/0,1,2025-01-14 13:40:01.384
2025-01-14 13:34:13,2025-01-14 13:34:13,0.000,132.69.11.83,172.20.10.2,0,2048,ICMP,........,0,0,1,1028,0,0,0,0,0,0,0,0,0,0,0.0.0.0,0.0.0.0,0,0,00:00:00:00:00:00,00:00:00:00:00:00,00:00:00:00:00:00,00:00:00:00:00:00,0-0-0,0-0-0,0-0-0,0-0-0,0-0-0,0-0-0,0-0-0,0-0-0,0-0-0,0-0-0,    0.000,    0.000,    0.000,127.0.0.1,0/0,1,2025-01-14 13:40:01.384
2025-01-14 13:34:13,2025-01-14 13:34:13,0.000,172.20.10.2,132.69.11.83,0,0,ICMP,........,0,0,1,1028,0,0,0,0,0,0,0,0,0,0,0.0.0.0,0.0.0.0,0,0,00:00:00:00:00:00,00:00:00:00:00:00,00:00:00:00:00:00,00:00:00:00:00:00,0-0-0,0-0-0,0-0-0,0-0-0,0-0-0,0-0-0,0-0-0,0-0-0,0-0-0,0-0-0,    0.000,    0.000,    0.000,127.0.0.1,0/0,1,2025-01-14 13:40:01.384
